https://www.CryptoDataDownload.com,,,,,,,,
unix,date,symbol,open,high,low,close,Volume ETH,Volume USD
1.66294E+12,9/12/2022 0:00,ETH/USD,1766.9,1768.4,1759.5,1761.7,2568.155093,4524318.828
1.66285E+12,9/11/2022 0:00,ETH/USD,1774.7,1790.3,1718.3,1766.9,134186.937,237094899
1.66277E+12,9/10/2022 0:00,ETH/USD,1719.1,1790,1707,1774.7,163280.4446,289773805.1
1.66268E+12,9/9/2022 0:00,ETH/USD,1636,1746.4,1630.8,1719.1,340511.6754,585373621.1
1.6626E+12,9/8/2022 0:00,ETH/USD,1630.1,1664,1595.1,1636,368681.2567,603162535.9
1.66251E+12,9/7/2022 0:00,ETH/USD,1558.9,1659.3,1490.1,1630.1,410162.6346,668606110.7
1.66242E+12,9/6/2022 0:00,ETH/USD,1618,1686.7,1552.2,1558.9,535552.7191,834873133.8
1.66234E+12,9/5/2022 0:00,ETH/USD,1578.8,1632.2,1557.2,1618,226633.2671,366692626.2
1.66225E+12,9/4/2022 0:00,ETH/USD,1557.5,1582.4,1540.4,1578.8,127901.2362,201930471.7
1.66216E+12,9/3/2022 0:00,ETH/USD,1574.8,1581.9,1532.6,1557.5,148098.8615,230663976.8
1.66208E+12,9/2/2022 0:00,ETH/USD,1586,1649,1545.2,1574.8,393133.8114,619107126.2
1.66199E+12,9/1/2022 0:00,ETH/USD,1554,1600,1513,1586.1,349266.7738,553972030
1.6619E+12,8/31/2022 0:00,ETH/USD,1524.7,1619.4,1524.2,1554,482198.7103,749336795.8
1.66182E+12,8/30/2022 0:00,ETH/USD,1551.7,1605.5,1473.2,1524.6,527834.2045,804736028.2
1.66173E+12,8/29/2022 0:00,ETH/USD,1426.6,1559.9,1421.9,1551.7,390454.5068,605868258.2
1.66164E+12,8/28/2022 0:00,ETH/USD,1490.6,1511.2,1423.6,1426.6,283524.5698,404476151.2
1.66156E+12,8/27/2022 0:00,ETH/USD,1507.8,1518.3,1445,1490.6,370311.9071,551986928.8
1.66147E+12,8/26/2022 0:00,ETH/USD,1695.2,1706,1486.5,1507.8,660085.9983,995277668.2
1.66139E+12,8/25/2022 0:00,ETH/USD,1656.4,1722.1,1653.8,1695.2,234857.883,398131083.3
1.6613E+12,8/24/2022 0:00,ETH/USD,1665.3,1694,1605.2,1656.4,325537.2327,539219872.2
1.66121E+12,8/23/2022 0:00,ETH/USD,1624.5,1674.3,1563.1,1665.3,362549.7728,603754136.7
1.66113E+12,8/22/2022 0:00,ETH/USD,1617.8,1629.2,1529.7,1624.5,405441.9481,658640444.8
1.66104E+12,8/21/2022 0:00,ETH/USD,1575.7,1646.1,1562,1617.8,295672.6837,478339267.7
1.66095E+12,8/20/2022 0:00,ETH/USD,1609,1656.8,1523.4,1575.7,341285.2731,537763204.8
1.66087E+12,8/19/2022 0:00,ETH/USD,1846.5,1848.2,1603.1,1609,661034.1406,1063603932
1.66078E+12,8/18/2022 0:00,ETH/USD,1834.5,1882.6,1821.2,1846.5,231074.948,426679891.5
1.66069E+12,8/17/2022 0:00,ETH/USD,1876.8,1958.6,1819.2,1834.5,391500.401,718207485.6
1.66061E+12,8/16/2022 0:00,ETH/USD,1899.2,1915.2,1851.8,1876.8,289553.2342,543433509.9
1.66052E+12,8/15/2022 0:00,ETH/USD,1935.9,2012.9,1872.8,1899.2,341001.2001,647629479.3
1.66044E+12,8/14/2022 0:00,ETH/USD,1984.6,2030.9,1907.1,1935.9,180722.886,349861434.9
1.66035E+12,8/13/2022 0:00,ETH/USD,1959.9,2020,1948,1984.6,257728.4619,511487905.4
1.66026E+12,8/12/2022 0:00,ETH/USD,1881.1,1966.7,1853.6,1959.9,251744.9142,493394857.3
1.66018E+12,8/11/2022 0:00,ETH/USD,1854.3,1943.7,1850.9,1881.1,422073.9139,793963239.4
1.66009E+12,8/10/2022 0:00,ETH/USD,1703.1,1886,1653.6,1854.3,432067.1939,801182197.7
1.66E+12,8/9/2022 0:00,ETH/USD,1777.5,1791.3,1671,1703.1,327642.7883,558008432.7
1.65992E+12,8/8/2022 0:00,ETH/USD,1700.4,1819.2,1694.1,1777.5,304222.3801,540755280.6
1.65983E+12,8/7/2022 0:00,ETH/USD,1691,1730.3,1668.9,1700.4,158497.7161,269509516.4
1.65974E+12,8/6/2022 0:00,ETH/USD,1737.2,1750.9,1686.1,1691,177105.5883,299485549.9
1.65966E+12,8/5/2022 0:00,ETH/USD,1608.2,1743,1605.9,1737.2,435761.2848,757004504
1.65957E+12,8/4/2022 0:00,ETH/USD,1618.4,1663.5,1580.4,1608.1,351323.3299,564963046.7
1.65948E+12,8/3/2022 0:00,ETH/USD,1631.2,1686,1589.1,1618.4,326414.8371,528269772.4
1.6594E+12,8/2/2022 0:00,ETH/USD,1630.7,1679,1556.4,1631.2,501040.171,817296726.9
1.65931E+12,8/1/2022 0:00,ETH/USD,1679.1,1705.8,1606.7,1630.7,344228.906,561334076.9
1.65923E+12,7/31/2022 0:00,ETH/USD,1697.7,1755,1667.3,1679.1,227943.9213,382740638.3
1.65914E+12,7/30/2022 0:00,ETH/USD,1722.3,1745.2,1673.8,1697.7,295635.4253,501900261.5
1.65905E+12,7/29/2022 0:00,ETH/USD,1725.1,1766,1657.2,1722.3,542426.5039,934221167.6
1.65897E+12,7/28/2022 0:00,ETH/USD,1636.4,1785.6,1596,1725.1,639716.4951,1103574926
1.65888E+12,7/27/2022 0:00,ETH/USD,1449,1645.8,1421.1,1636.4,535053.345,875561293.8
1.65879E+12,7/26/2022 0:00,ETH/USD,1440.3,1455.4,1356.2,1449,408965.9511,592591663.1
1.65871E+12,7/25/2022 0:00,ETH/USD,1598,1609.6,1435,1440.3,407613.4391,587085636.4
1.65862E+12,7/24/2022 0:00,ETH/USD,1549,1664.5,1546,1598,295265.1458,471833703
1.65853E+12,7/23/2022 0:00,ETH/USD,1535.4,1597,1485.6,1549,247355.3975,383153510.7
1.65845E+12,7/22/2022 0:00,ETH/USD,1575.7,1646.7,1517,1535.4,405842.1514,623130039.3
1.65836E+12,7/21/2022 0:00,ETH/USD,1521.5,1606.2,1463.4,1575.7,391407.4779,616740763
1.65828E+12,7/20/2022 0:00,ETH/USD,1542.3,1621.1,1485.2,1521.5,576220.8278,876719989.5
1.65819E+12,7/19/2022 0:00,ETH/USD,1581.1,1631.5,1492.9,1542.3,526462.0828,811962470.4
1.6581E+12,7/18/2022 0:00,ETH/USD,1338.2,1597.3,1335,1581,459804.8876,726951527.3
1.65802E+12,7/17/2022 0:00,ETH/USD,1355.5,1387.5,1318.7,1338.2,305144.5399,408344423.3
1.65793E+12,7/16/2022 0:00,ETH/USD,1230.8,1424.7,1191.6,1355.5,390871.6216,529826483.1
1.65784E+12,7/15/2022 0:00,ETH/USD,1192.8,1289.7,1180.6,1230.8,403597.1511,496747373.6
1.65776E+12,7/14/2022 0:00,ETH/USD,1114.3,1214.6,1070.3,1192.8,395387.7839,471618548.6
1.65767E+12,7/13/2022 0:00,ETH/USD,1037.4,1118.2,1005.3,1114.3,519292.4102,578647532.7
1.65758E+12,7/12/2022 0:00,ETH/USD,1095.3,1097.5,1032.4,1037.4,283192.9741,293784391.3
1.6575E+12,7/11/2022 0:00,ETH/USD,1167.3,1170.4,1090.4,1095.3,255427.8936,279770171.8
1.65741E+12,7/10/2022 0:00,ETH/USD,1216.3,1218.9,1153,1167.3,229561.1216,267966697.3
1.65732E+12,7/9/2022 0:00,ETH/USD,1213.1,1233.4,1203.9,1216.3,200869.8466,244317994.5
1.65724E+12,7/8/2022 0:00,ETH/USD,1236.9,1275.2,1192.2,1213.1,416052.5405,504713336.8
1.65715E+12,7/7/2022 0:00,ETH/USD,1185.5,1253.6,1162.2,1236.9,306829.3373,379517207.3
1.65707E+12,7/6/2022 0:00,ETH/USD,1131.4,1203.4,1110.3,1185.5,326460.0776,387018422
1.65698E+12,7/5/2022 0:00,ETH/USD,1149.5,1172.6,1075.7,1131.4,361232.128,408698029.6
1.65689E+12,7/4/2022 0:00,ETH/USD,1072.9,1159.6,1043.9,1149.5,373410.3027,429235142.9
1.65681E+12,7/3/2022 0:00,ETH/USD,1065.5,1085.9,1039.2,1072.9,176801.5095,189690339.6
1.65672E+12,7/2/2022 0:00,ETH/USD,1058.3,1077.6,1026.8,1065.5,262028.1328,279190975.5
1.65663E+12,7/1/2022 0:00,ETH/USD,1070.4,1115,1032.1,1058.3,474005.2956,501639804.3
1.65655E+12,6/30/2022 0:00,ETH/USD,1098.7,1105.5,996,1070.4,557983.2226,597265241.4
1.65646E+12,6/29/2022 0:00,ETH/USD,1142.5,1155.2,1085.5,1098.7,334741.4894,367780474.4
1.65637E+12,6/28/2022 0:00,ETH/USD,1190.6,1236.2,1135,1142.5,329263.8961,376184001.3
1.65629E+12,6/27/2022 0:00,ETH/USD,1197.2,1238.1,1173.3,1190.6,277269.7408,330117353.4
1.6562E+12,6/26/2022 0:00,ETH/USD,1241.1,1280.3,1194,1197.2,231409.1146,277042992
1.65612E+12,6/25/2022 0:00,ETH/USD,1224,1256,1179.1,1241.1,211092.2481,261986589.1
1.65603E+12,6/24/2022 0:00,ETH/USD,1143.5,1244.8,1130.8,1224,345521.2087,422917959.4
1.65594E+12,6/23/2022 0:00,ETH/USD,1049,1153.1,1043.5,1143.5,347099.3447,396908100.6
1.65586E+12,6/22/2022 0:00,ETH/USD,1125.4,1126.2,1042.7,1049,463393.6459,486099934.5
1.65577E+12,6/21/2022 0:00,ETH/USD,1127.1,1193.2,1108.1,1125.4,429745.2073,483635256.3
1.65568E+12,6/20/2022 0:00,ETH/USD,1126.9,1169,1051.7,1127.1,553827.7243,624219228
1.6556E+12,6/19/2022 0:00,ETH/USD,993.4,1157,935,1126.7,520900.7074,586898827
1.65551E+12,6/18/2022 0:00,ETH/USD,1084.9,1096,880,993.4,769390.04,764312065.7
1.65542E+12,6/17/2022 0:00,ETH/USD,1067,1116.8,1049.4,1084.9,442284.9293,479834919.8
1.65534E+12,6/16/2022 0:00,ETH/USD,1237,1257.6,1050,1067,785539.4261,838170567.6
1.65525E+12,6/15/2022 0:00,ETH/USD,1207.5,1247.9,1011.2,1237,1223566.192,1513551379
1.65516E+12,6/14/2022 0:00,ETH/USD,1207.4,1266.3,1074.1,1207.5,878463.2364,1060744358
1.65508E+12,6/13/2022 0:00,ETH/USD,1433.1,1453.2,1162.5,1207.4,1548990.09,1870250634
1.65499E+12,6/12/2022 0:00,ETH/USD,1531,1544.6,1423,1432.9,363844.5534,521352860.6
1.65491E+12,6/11/2022 0:00,ETH/USD,1660.8,1680,1500,1530.9,309404.774,473667768.5
1.65482E+12,6/10/2022 0:00,ETH/USD,1787.2,1802.6,1653.4,1660.8,281898.104,468176371.1
1.65473E+12,6/9/2022 0:00,ETH/USD,1790.4,1831.6,1775.7,1787.2,126081.8761,225333529.1
1.65465E+12,6/8/2022 0:00,ETH/USD,1812.1,1840,1764.2,1790.4,196861.2198,352460327.9
1.65456E+12,6/7/2022 0:00,ETH/USD,1858.3,1873.7,1724,1812.1,313907.6776,568832102.5
1.65447E+12,6/6/2022 0:00,ETH/USD,1804.6,1918,1802.6,1858.3,196389.4733,364950558.1
1.65439E+12,6/5/2022 0:00,ETH/USD,1803.1,1829.1,1771.4,1804.6,102137.4166,184317182
1.6543E+12,6/4/2022 0:00,ETH/USD,1773,1814.7,1746.6,1803.1,91615.29294,165191534.7
1.65421E+12,6/3/2022 0:00,ETH/USD,1832.5,1842.3,1734.2,1773,261788.0645,464150238.4
1.65413E+12,6/2/2022 0:00,ETH/USD,1815.9,1851.8,1782,1832.5,231119.2563,423526037.1
1.65404E+12,6/1/2022 0:00,ETH/USD,1940.3,1971.5,1761.5,1815.9,334644.4189,607680800.3
1.65396E+12,5/31/2022 0:00,ETH/USD,1997.6,2014.9,1924.2,1940.3,210470.9158,408376718
1.65387E+12,5/30/2022 0:00,ETH/USD,1811.6,2011.1,1801.4,1997.6,216628.1271,432736346.7
1.65378E+12,5/29/2022 0:00,ETH/USD,1790.5,1825.4,1758,1811.6,89828.53801,162733379.5
1.6537E+12,5/28/2022 0:00,ETH/USD,1725.3,1807.6,1720.2,1790.5,134072.9632,240057640.6
1.65361E+12,5/27/2022 0:00,ETH/USD,1790.1,1820.3,1700,1725.3,366301.1998,631979460
1.65352E+12,5/26/2022 0:00,ETH/USD,1940.3,1963.8,1734.5,1790.1,358301.4408,641395409.1
1.65344E+12,5/25/2022 0:00,ETH/USD,1977.7,2021,1931.6,1940.3,170485.813,330793623
1.65335E+12,5/24/2022 0:00,ETH/USD,1971.1,1991.7,1910.9,1977.7,163821.6683,323990113.4
1.65326E+12,5/23/2022 0:00,ETH/USD,2041.2,2087.3,1954.6,1971.1,205057.7914,404189412.5
1.65318E+12,5/22/2022 0:00,ETH/USD,1972.4,2054.8,1963.6,2041.2,102268.4645,208750389.8
1.65309E+12,5/21/2022 0:00,ETH/USD,1956.7,1988.1,1935.1,1972.6,73084.35974,144166208
1.653E+12,5/20/2022 0:00,ETH/USD,2017.7,2062.8,1920,1956.7,197460.2721,386370514.4
1.65292E+12,5/19/2022 0:00,ETH/USD,1912.2,2038.2,1900.6,2017.7,238441.3901,481103192.7
1.65283E+12,5/18/2022 0:00,ETH/USD,2088.9,2109,1905.2,1912.2,192989.5936,369034700.9
1.65275E+12,5/17/2022 0:00,ETH/USD,2020.9,2129.2,2005.2,2088.9,185508.1179,387507907.5
1.65266E+12,5/16/2022 0:00,ETH/USD,2142.2,2142.4,1976.3,2020.9,227177.8621,459103741.5
1.65257E+12,5/15/2022 0:00,ETH/USD,2053.2,2162.9,1996.2,2142.2,150840.8994,323131374.7
1.65249E+12,5/14/2022 0:00,ETH/USD,2005.7,2066.6,1947.7,2053.2,206752.022,424503251.5
1.6524E+12,5/13/2022 0:00,ETH/USD,1954.3,2145.3,1934.8,2005.7,440758.6367,884029597.7
1.65231E+12,5/12/2022 0:00,ETH/USD,2076.8,2187.3,1703,1954.3,913415.5664,1785088041
1.65223E+12,5/11/2022 0:00,ETH/USD,2340.8,2460.1,2000,2076.8,940915.0933,1954092466
1.65214E+12,5/10/2022 0:00,ETH/USD,2228.9,2456.4,2198.5,2340.8,496915.0396,1163178725
1.65205E+12,5/9/2022 0:00,ETH/USD,2519,2529.4,2223,2228.9,559130.3541,1246245646
1.65197E+12,5/8/2022 0:00,ETH/USD,2635.1,2641.4,2482,2519,176732.9089,445190197.5
1.65188E+12,5/7/2022 0:00,ETH/USD,2691.9,2703.9,2586.4,2635.1,78850.29466,207778411.5
1.6518E+12,5/6/2022 0:00,ETH/USD,2747.1,2757.3,2632.5,2691.9,180418.2531,485667895.6
1.65171E+12,5/5/2022 0:00,ETH/USD,2939.9,2954,2687,2747.1,175632.4804,482479987
1.65162E+12,5/4/2022 0:00,ETH/USD,2781.2,2966.5,2770.9,2939.9,136657.7873,401760228.8
1.65154E+12,5/3/2022 0:00,ETH/USD,2856.5,2862,2753.8,2781.2,80962.39755,225172620.1
1.65145E+12,5/2/2022 0:00,ETH/USD,2824.4,2882.7,2776.5,2856.5,102412.8857,292542408
1.65136E+12,5/1/2022 0:00,ETH/USD,2726.7,2849.3,2716.8,2824.4,80913.81745,228532986
1.65128E+12,4/30/2022 0:00,ETH/USD,2816.7,2841.6,2714.5,2726.7,65592.75856,178851774.8
1.65119E+12,4/29/2022 0:00,ETH/USD,2936.8,2947.1,2776.1,2816.7,115019.915,323976594.6
1.6511E+12,4/28/2022 0:00,ETH/USD,2889.7,2981.1,2854.2,2936.8,113429.9144,333120972.5
1.65102E+12,4/27/2022 0:00,ETH/USD,2809.7,2920.1,2794,2889.7,94374.79426,272714843
1.65093E+12,4/26/2022 0:00,ETH/USD,3007.7,3037.9,2765.8,2809.7,122618.514,344521238.8
1.65084E+12,4/25/2022 0:00,ETH/USD,2921.3,3026.5,2796.2,3007.7,144728.9476,435301255.7
1.65076E+12,4/24/2022 0:00,ETH/USD,2933.2,2967.9,2912.7,2921.3,51624.32837,150810150.5
1.65067E+12,4/23/2022 0:00,ETH/USD,2962.9,2979.2,2916.1,2933.2,43589.41825,127856481.6
1.65059E+12,4/22/2022 0:00,ETH/USD,2983.8,3034.3,2934.1,2962.9,101720.7443,301388393.3
1.6505E+12,4/21/2022 0:00,ETH/USD,3076.8,3181.9,2942,2983.8,119571.8081,356778361.1
1.65041E+12,4/20/2022 0:00,ETH/USD,3102.5,3168.4,3037.1,3076.8,91307.23044,280934086.6
1.65033E+12,4/19/2022 0:00,ETH/USD,3056.4,3131.3,3030.9,3102.5,72944.28883,226309656.1
1.65024E+12,4/18/2022 0:00,ETH/USD,2988,3069.9,2881.1,3056.4,115879.1309,354172975.6
1.65015E+12,4/17/2022 0:00,ETH/USD,3059.9,3083,2983.3,2988,51686.84817,154440302.3
1.65007E+12,4/16/2022 0:00,ETH/USD,3040.5,3085.9,3010.6,3059.9,38936.70261,119142416.3
1.64998E+12,4/15/2022 0:00,ETH/USD,3021.8,3060.6,2993.1,3040.5,53605.39773,162987211.8
1.64989E+12,4/14/2022 0:00,ETH/USD,3118.6,3145,2976.4,3021.8,87203.47999,263511475.8
1.64981E+12,4/13/2022 0:00,ETH/USD,3028.1,3129.2,2997.9,3118.6,93824.39932,292600771.7
1.64972E+12,4/12/2022 0:00,ETH/USD,2979.3,3085.5,2950.2,3028.1,149005.2769,451202879.1
1.64964E+12,4/11/2022 0:00,ETH/USD,3202.4,3215.1,2950,2979.3,191842.9891,571557817.5
1.64955E+12,4/10/2022 0:00,ETH/USD,3259,3309.2,3190.8,3202.4,61378.71452,196559195.4
1.64946E+12,4/9/2022 0:00,ETH/USD,3192.8,3270,3181.8,3259,49737.65018,162095002
1.64938E+12,4/8/2022 0:00,ETH/USD,3226.7,3314.6,3173.9,3192.8,137064.1505,437618419.6
1.64929E+12,4/7/2022 0:00,ETH/USD,3168.6,3268.8,3142.6,3226.7,114047.8085,367998063.7
1.6492E+12,4/6/2022 0:00,ETH/USD,3406.6,3407.4,3161.7,3168.6,250968.1508,795217682.7
1.64912E+12,4/5/2022 0:00,ETH/USD,3520,3555.6,3396.6,3406.6,93721.23284,319270751.8
1.64903E+12,4/4/2022 0:00,ETH/USD,3522.2,3549.7,3408.2,3520,107457.4065,378250071
1.64894E+12,4/3/2022 0:00,ETH/USD,3445.2,3581.4,3413.8,3522.2,90168.64701,317592008.5
1.64886E+12,4/2/2022 0:00,ETH/USD,3456.4,3532.5,3433.4,3445.2,97135.39137,334650850.3
1.64877E+12,4/1/2022 0:00,ETH/USD,3282.9,3483.5,3212.2,3456.4,150115.9195,518860664.1
1.64868E+12,3/31/2022 0:00,ETH/USD,3386.3,3447.6,3262.5,3282.9,152666.7718,501189745.3
1.6486E+12,3/30/2022 0:00,ETH/USD,3402,3449.5,3334.3,3386.3,106895.1903,361979182.9
1.64851E+12,3/29/2022 0:00,ETH/USD,3334.6,3483.7,3331.7,3402,161058.1424,547919800.3
1.64843E+12,3/28/2022 0:00,ETH/USD,3296.5,3430,3275.8,3334.6,177756.8617,592748031
1.64834E+12,3/27/2022 0:00,ETH/USD,3146.5,3300.1,3127,3296.5,90409.65117,298035415.1
1.64825E+12,3/26/2022 0:00,ETH/USD,3104.1,3154.6,3086.3,3146.5,50153.91617,157809297.2
1.64817E+12,3/25/2022 0:00,ETH/USD,3113,3195.5,3077.2,3104.1,171609.5491,532693201.4
1.64808E+12,3/24/2022 0:00,ETH/USD,3037.8,3130.8,3002.9,3112.7,160644.5074,500038158.1
1.64799E+12,3/23/2022 0:00,ETH/USD,2970.4,3047.4,2921.3,3037.8,136570.6233,414874239.6
1.64791E+12,3/22/2022 0:00,ETH/USD,2890.7,3055.6,2887.7,2970.4,172556.9819,512563259.1
1.64782E+12,3/21/2022 0:00,ETH/USD,2862.2,2962.2,2832.6,2890.7,132163.8117,382045930.4
1.64773E+12,3/20/2022 0:00,ETH/USD,2952.9,2966.2,2818.8,2862.2,112084.8338,320809211.3
1.64765E+12,3/19/2022 0:00,ETH/USD,2940.1,2987.7,2891,2952.9,93485.62036,276053688.4
1.64756E+12,3/18/2022 0:00,ETH/USD,2813.5,2986.1,2768.2,2940.1,158415.9532,465758743.9
1.64748E+12,3/17/2022 0:00,ETH/USD,2775.2,2838.7,2748.1,2813.5,102473.0711,288307985.5
1.64739E+12,3/16/2022 0:00,ETH/USD,2618.9,2790.1,2604.3,2775.2,183779.596,510025134.8
1.6473E+12,3/15/2022 0:00,ETH/USD,2590.1,2670.2,2508,2618.9,124101.1634,325008536.9
1.64722E+12,3/14/2022 0:00,ETH/USD,2515.4,2609.8,2498.7,2590.1,103212.2863,267330142.9
1.64713E+12,3/13/2022 0:00,ETH/USD,2568.5,2604.4,2492.6,2515.4,72988.95235,183596410.7
1.64704E+12,3/12/2022 0:00,ETH/USD,2557.4,2616.5,2553.4,2568.5,45198.29059,116091809.4
1.64696E+12,3/11/2022 0:00,ETH/USD,2607.5,2678.3,2523.3,2557.3,121429.0675,310530554.3
1.64687E+12,3/10/2022 0:00,ETH/USD,2728.2,2734,2551.9,2607.5,119236.6141,310909471.2
1.64678E+12,3/9/2022 0:00,ETH/USD,2576.6,2774.7,2568,2728.2,119683.8518,326521484.5
1.6467E+12,3/8/2022 0:00,ETH/USD,2491.7,2625.7,2480.6,2576.6,123747.3351,318847383.5
1.64661E+12,3/7/2022 0:00,ETH/USD,2550.9,2650,2444.7,2491.7,141824.9832,353385310.7
1.64652E+12,3/6/2022 0:00,ETH/USD,2665.1,2676.7,2533.3,2550.9,70744.25469,180461519.3
1.64644E+12,3/5/2022 0:00,ETH/USD,2622.6,2685.2,2589.9,2665.1,58065.23196,154749649.7
1.64635E+12,3/4/2022 0:00,ETH/USD,2834.2,2836.1,2573.7,2622.6,161445.8912,423407994.3
1.64627E+12,3/3/2022 0:00,ETH/USD,2948.7,2972.1,2785,2834.2,103088.8402,292174391
1.64618E+12,3/2/2022 0:00,ETH/USD,2978.3,3046.7,2914.6,2948.6,171087.9589,504469955.6
1.64609E+12,3/1/2022 0:00,ETH/USD,2922.6,3038.8,2855,2978.3,191232.4174,569547508.9
1.64601E+12,2/28/2022 0:00,ETH/USD,2617.8,2954.3,2569,2922.6,217688.6673,636216899.1
1.64592E+12,2/27/2022 0:00,ETH/USD,2781.1,2837.5,2559.5,2617.8,194990.9474,510447302.2
1.64583E+12,2/26/2022 0:00,ETH/USD,2769.7,2881.5,2729.1,2781.1,90757.4811,252405630.7
1.64575E+12,2/25/2022 0:00,ETH/USD,2597.6,2838.6,2573.2,2769.7,185954.0765,515037005.8
1.64566E+12,2/24/2022 0:00,ETH/USD,2580.8,2743.6,2301.1,2597.6,360664.9885,936863374
1.64557E+12,2/23/2022 0:00,ETH/USD,2637.9,2755,2575.3,2580.8,162539.5941,419482184.4
1.64549E+12,2/22/2022 0:00,ETH/USD,2570.6,2668.6,2500,2637.9,183579.0948,484263294.1
1.6454E+12,2/21/2022 0:00,ETH/USD,2622.1,2760.8,2559.6,2570.6,231499.2712,595092026.6
1.64532E+12,2/20/2022 0:00,ETH/USD,2764.4,2765.3,2575.7,2622.1,121354.0628,318202488.1
1.64523E+12,2/19/2022 0:00,ETH/USD,2780.7,2832.1,2696.8,2764.3,85014.30991,235005056.9
1.64514E+12,2/18/2022 0:00,ETH/USD,2893.4,2944.9,2754.1,2780.7,150735.4514,419150069.6
1.64506E+12,2/17/2022 0:00,ETH/USD,3124.6,3162.3,2854.3,2893.4,171301.7213,495644400.4
1.64497E+12,2/16/2022 0:00,ETH/USD,3186.4,3190,3046,3124.6,113774.6478,355500264.6
1.64488E+12,2/15/2022 0:00,ETH/USD,2930.8,3199.4,2913.9,3186.4,150548.5252,479707820.5
1.6448E+12,2/14/2022 0:00,ETH/USD,2872.8,2966.3,2832.1,2930.8,96340.16493,282353755.4
1.64471E+12,2/13/2022 0:00,ETH/USD,2920.4,2955,2837.2,2872.8,73502.37027,211157609.3
1.64462E+12,2/12/2022 0:00,ETH/USD,2928.8,2987.2,2858.1,2920.4,98204.0764,286795184.7
1.64454E+12,2/11/2022 0:00,ETH/USD,3074.8,3143.1,2879.9,2928.8,166754.5679,488390778.5
1.64445E+12,2/10/2022 0:00,ETH/USD,3246.5,3286.5,3059.1,3074.8,198946.2786,611720017.6
1.64436E+12,2/9/2022 0:00,ETH/USD,3119.4,3273.2,3055,3246.5,114542.6631,371862755.8
1.64428E+12,2/8/2022 0:00,ETH/USD,3142,3233.9,3026.4,3119.4,151145.9372,471484636.4
1.64419E+12,2/7/2022 0:00,ETH/USD,3057.5,3189.4,2994.1,3142,155093.6979,487304398.9
1.64411E+12,2/6/2022 0:00,ETH/USD,3015.1,3078.8,2953,3057.5,73347.21891,224259121.8
1.64402E+12,2/5/2022 0:00,ETH/USD,2997.4,3062.7,2961.4,3015.1,108476.0057,327066004.7
1.64393E+12,2/4/2022 0:00,ETH/USD,2696.4,2998,2673.1,2997.4,185938.7796,557332897.9
1.64385E+12,2/3/2022 0:00,ETH/USD,2681.2,2725.3,2577,2696.4,164835.2584,444461790.8
1.64376E+12,2/2/2022 0:00,ETH/USD,2789.1,2812.4,2600,2681.2,175794.6325,471340568.6
1.64367E+12,2/1/2022 0:00,ETH/USD,2688.3,2815.4,2675.9,2789.1,147267.7427,410744461.3
1.64359E+12,1/31/2022 0:00,ETH/USD,2602.6,2708,2476.8,2688.3,149519.6079,401953561.8
1.6435E+12,1/30/2022 0:00,ETH/USD,2603.2,2641.2,2543.5,2602.6,72850.024,189599472.5
1.64341E+12,1/29/2022 0:00,ETH/USD,2546.3,2639.9,2521.3,2603.2,102767.5087,267524378.6
1.64333E+12,1/28/2022 0:00,ETH/USD,2424.7,2558.6,2359.1,2546.3,152049.1532,387162758.7
1.64324E+12,1/27/2022 0:00,ETH/USD,2464.1,2521,2315.7,2424.7,202090.7217,490009372.9
1.64316E+12,1/26/2022 0:00,ETH/USD,2460.6,2723.4,2402.5,2464.1,304411.6228,750100679.8
1.64307E+12,1/25/2022 0:00,ETH/USD,2440.8,2508.9,2350,2460.6,198820.5358,489217810.4
1.64298E+12,1/24/2022 0:00,ETH/USD,2540.5,2541,2159.5,2440.8,407514.8967,994662359.9
1.6429E+12,1/23/2022 0:00,ETH/USD,2412.1,2555.1,2371.1,2540.5,217259.05,551946616.6
1.64281E+12,1/22/2022 0:00,ETH/USD,2568.1,2626,2300,2412.1,535914.3465,1292678995
1.64272E+12,1/21/2022 0:00,ETH/USD,3000.6,3034.1,2463.4,2568.1,374138.8461,960825970.7
1.64264E+12,1/20/2022 0:00,ETH/USD,3084.1,3275.1,2985.9,3000.6,135139.3849,405499238.3
1.64255E+12,1/19/2022 0:00,ETH/USD,3160.7,3176,3046.8,3084.1,108855.0866,335719972.5
1.64246E+12,1/18/2022 0:00,ETH/USD,3210.3,3245,3083.1,3160.7,96482.48391,304952186.9
1.64238E+12,1/17/2022 0:00,ETH/USD,3348.3,3359.2,3141.9,3210.3,78783.97989,252920210.6
1.64229E+12,1/16/2022 0:00,ETH/USD,3327.1,3394.9,3273.2,3348.3,79343.22188,265664909.8
1.6422E+12,1/15/2022 0:00,ETH/USD,3309.8,3375,3262.7,3327.1,83730.80306,278580754.9
1.64212E+12,1/14/2022 0:00,ETH/USD,3241.5,3345.4,3186,3309.8,100584.1646,332913468
1.64203E+12,1/13/2022 0:00,ETH/USD,3372.6,3413.7,3233.4,3241.5,89010.05805,288526103.2
1.64195E+12,1/12/2022 0:00,ETH/USD,3240.1,3413.5,3205,3372.6,131950.0604,445014773.8
1.64186E+12,1/11/2022 0:00,ETH/USD,3083.1,3265.4,3052.2,3240.2,118855.9615,385117086.4
1.64177E+12,1/10/2022 0:00,ETH/USD,3150.8,3181.2,2921.8,3083.1,199826.6602,616085576.1
1.64169E+12,1/9/2022 0:00,ETH/USD,3080.2,3212,3057.9,3150.8,103955.6897,327543587.2
1.6416E+12,1/8/2022 0:00,ETH/USD,3198.6,3247.8,2998,3080.2,160909.342,495632955.2
1.64151E+12,1/7/2022 0:00,ETH/USD,3405.4,3415.6,3060,3198.6,254319.344,813465853.6
1.64143E+12,1/6/2022 0:00,ETH/USD,3538.5,3549.5,3298,3405.4,175701.3279,598333302.2
1.64134E+12,1/5/2022 0:00,ETH/USD,3784.2,3848.4,3410,3537.1,170849.8629,604313050.2
1.64125E+12,1/4/2022 0:00,ETH/USD,3765.3,3896,3714,3784.2,107208.8269,405699642.8
1.64117E+12,1/3/2022 0:00,ETH/USD,3829.2,3852,3681.6,3765.3,73457.04528,276587812.6
1.64108E+12,1/2/2022 0:00,ETH/USD,3766.2,3859.1,3718.1,3829.2,57409.80986,219833643.9
1.641E+12,1/1/2022 0:00,ETH/USD,3676.5,3777.2,3674.4,3766.2,57917.71583,218129701.3
1.64091E+12,12/31/2021 0:00,ETH/USD,3709.5,3815.9,3621.8,3676.5,113393.1992,416890096.9
1.64082E+12,12/30/2021 0:00,ETH/USD,3628.7,3769.2,3582.6,3709.5,76197.42409,282654344.6
1.64074E+12,12/29/2021 0:00,ETH/USD,3793.6,3828,3603.9,3628.7,123517.3145,448207279.3
1.64065E+12,12/28/2021 0:00,ETH/USD,4039.5,4039.5,3760.2,3793.6,125871.3056,477505385.1
1.64056E+12,12/27/2021 0:00,ETH/USD,4066.2,4128.9,4032.4,4039.5,74341.11485,300300933.4
1.64048E+12,12/26/2021 0:00,ETH/USD,4097.8,4107.3,4006.6,4066.2,61114.83367,248505136.7
1.64039E+12,12/25/2021 0:00,ETH/USD,4048.5,4141.1,4020.7,4097.5,65979.29635,270350166.8
1.6403E+12,12/24/2021 0:00,ETH/USD,4113.4,4160,4018.8,4048.2,96830.09377,391987585.6
1.64022E+12,12/23/2021 0:00,ETH/USD,3980,4156.9,3893.2,4113.3,134148.191,551791754
1.64013E+12,12/22/2021 0:00,ETH/USD,4016.4,4077.9,3936,3980,106756.3033,424890087.2
1.64004E+12,12/21/2021 0:00,ETH/USD,3946.7,4064,3914.1,4016.4,140323.7097,563596147.7
1.63996E+12,12/20/2021 0:00,ETH/USD,3925.4,3984.1,3752,3946.6,123394.5601,486988971
1.63987E+12,12/19/2021 0:00,ETH/USD,3961.2,4040,3886.3,3925.4,93843.92568,368374945.9
1.63979E+12,12/18/2021 0:00,ETH/USD,3875.8,3999.9,3767.6,3961.2,105897.8165,419482430.8
1.6397E+12,12/17/2021 0:00,ETH/USD,3958.4,3995.2,3696.5,3875.8,175401.5041,679821149.5
1.63961E+12,12/16/2021 0:00,ETH/USD,4021.2,4115.3,3953.6,3958.4,122178.4402,483631137.9
1.63953E+12,12/15/2021 0:00,ETH/USD,3861.8,4095,3642,4021.2,194433.8648,781857457.2
1.63944E+12,12/14/2021 0:00,ETH/USD,3783.9,3883.9,3686.1,3861.8,111031.3132,428780725.5
1.63935E+12,12/13/2021 0:00,ETH/USD,4132.7,4146.1,3669.8,3783.9,218208.0123,825677297.9
1.63927E+12,12/12/2021 0:00,ETH/USD,4092.2,4178.1,3989.2,4132.7,82864.4114,342453753
1.63918E+12,12/11/2021 0:00,ETH/USD,3898.6,4107.6,3832.4,4091.2,128895.8146,527338556.8
1.63909E+12,12/10/2021 0:00,ETH/USD,4105.7,4238.4,3884.2,3898.1,251524.8509,980469021.4
1.63901E+12,12/9/2021 0:00,ETH/USD,4441.3,4495,4077,4105.7,206210.8252,846639785.1
1.63892E+12,12/8/2021 0:00,ETH/USD,4310.2,4457.5,4228.6,4441.3,149609.3791,664460135.4
1.63884E+12,12/7/2021 0:00,ETH/USD,4354,4438.1,4260.2,4310.2,156886.9181,676213994.6
1.63875E+12,12/6/2021 0:00,ETH/USD,4200.8,4381.2,3923.4,4354,241849.5315,1053012860
1.63866E+12,12/5/2021 0:00,ETH/USD,4122.5,4255.8,4033.8,4200.8,219682.8276,922843622.3
1.63858E+12,12/4/2021 0:00,ETH/USD,4216.8,4239.6,3480,4122.5,358935.733,1479712559
1.63849E+12,12/3/2021 0:00,ETH/USD,4515,4660,4030,4217,247430.2393,1043413319
1.6384E+12,12/2/2021 0:00,ETH/USD,4586.5,4646.5,4435.9,4515,183323.866,827707254.9
1.63832E+12,12/1/2021 0:00,ETH/USD,4631.3,4784.2,4528.5,4586.5,246125.6614,1128855346
1.63823E+12,11/30/2021 0:00,ETH/USD,4449.2,4758.6,4345.5,4631.6,292564.7943,1355043101
1.63814E+12,11/29/2021 0:00,ETH/USD,4297.9,4463.6,4281.5,4449.2,132405.9293,589100460.8
1.63806E+12,11/28/2021 0:00,ETH/USD,4096.1,4305.4,3963.1,4297.9,129702.8201,557449750.3
1.63797E+12,11/27/2021 0:00,ETH/USD,4041.6,4186,4030.6,4096.7,102654.118,420543125.4
1.63788E+12,11/26/2021 0:00,ETH/USD,4527.5,4556,3912,4042.3,331118.3128,1338479556
1.6378E+12,11/25/2021 0:00,ETH/USD,4271.3,4557.3,4249.5,4526.6,130005.5883,588483296.2
1.63771E+12,11/24/2021 0:00,ETH/USD,4341.5,4375,4167.9,4271.3,137711.6851,588207920.5
1.63763E+12,11/23/2021 0:00,ETH/USD,4088.8,4387.3,4058.6,4341.5,153172.8556,664999952.6
1.63754E+12,11/22/2021 0:00,ETH/USD,4261.4,4323.1,4020.6,4088.8,168561.0011,689212221.3
1.63745E+12,11/21/2021 0:00,ETH/USD,4415.1,4427.3,4246.6,4261.4,80800.52042,344323337.7
1.63737E+12,11/20/2021 0:00,ETH/USD,4297.5,4438.1,4205,4415.1,76407.54171,337346937.4
1.63728E+12,11/19/2021 0:00,ETH/USD,3998.3,4312.5,3974.7,4297.5,116570.6469,500962355
1.63719E+12,11/18/2021 0:00,ETH/USD,4289.7,4346.2,3958,3998.2,236446.3936,945359971
1.63711E+12,11/17/2021 0:00,ETH/USD,4209.8,4300.7,4063.1,4289.7,176673.5929,757876711.3
1.63702E+12,11/16/2021 0:00,ETH/USD,4563.9,4563.9,4105,4209.9,254905.1665,1073125260
1.63693E+12,11/15/2021 0:00,ETH/USD,4627.3,4770.8,4540.5,4563.9,129846.288,592605473.6
1.63685E+12,11/14/2021 0:00,ETH/USD,4644.9,4696.6,4515.9,4627.3,81187.95261,375681013.1
1.63676E+12,11/13/2021 0:00,ETH/USD,4667.5,4707.7,4585.2,4644.9,72431.60384,336437556.7
1.63668E+12,11/12/2021 0:00,ETH/USD,4720.8,4809.6,4508.1,4667.5,126907.053,592338670
1.63659E+12,11/11/2021 0:00,ETH/USD,4631.4,4782.8,4579,4720.9,106690.2194,503673856.6
1.6365E+12,11/10/2021 0:00,ETH/USD,4732.9,4869.7,4467.3,4631.4,155251.7673,719033035.3
1.63642E+12,11/9/2021 0:00,ETH/USD,4810.8,4841.7,4713.8,4732.9,83707.62682,396179827
1.63633E+12,11/8/2021 0:00,ETH/USD,4616.9,4825.8,4616.6,4810.8,100681.2087,484357158.9
1.63624E+12,11/7/2021 0:00,ETH/USD,4522.5,4641,4506.7,4616.9,56934.55241,262861135
1.63616E+12,11/6/2021 0:00,ETH/USD,4478.6,4537.2,4330.8,4522.5,86194.57012,389814943.4
1.63607E+12,11/5/2021 0:00,ETH/USD,4535.3,4574.7,4445.5,4478.6,115445.4372,517033935.2
1.63598E+12,11/4/2021 0:00,ETH/USD,4605.6,4609.3,4422.6,4535.3,116427.6776,528034446.4
1.6359E+12,11/3/2021 0:00,ETH/USD,4593.7,4670,4456.1,4605.6,125914.0756,579909866.7
1.63581E+12,11/2/2021 0:00,ETH/USD,4322,4605.8,4287.6,4593.7,112383.0742,516254127.8
1.63572E+12,11/1/2021 0:00,ETH/USD,4290,4383,4150.1,4322,124511.5179,538138780.3
1.63564E+12,10/31/2021 0:00,ETH/USD,4324.7,4396.7,4167.3,4290,102396.7273,439281960.3
1.63555E+12,10/30/2021 0:00,ETH/USD,4418.7,4436.2,4235,4324.7,90732.82794,392392261
1.63547E+12,10/29/2021 0:00,ETH/USD,4288.2,4462.2,4267.9,4418.7,169521.7208,749065627.8
1.63538E+12,10/28/2021 0:00,ETH/USD,3922.5,4296.9,3890.8,4288.2,162518.8113,696913166.8
1.63529E+12,10/27/2021 0:00,ETH/USD,4130.8,4322.6,3911.7,3922.5,224816.2133,881841596.6
1.63521E+12,10/26/2021 0:00,ETH/USD,4220.8,4298.3,4089.6,4130.8,117715.248,486258146.4
1.63512E+12,10/25/2021 0:00,ETH/USD,4082.4,4235.7,4068.5,4220.5,106268.0942,448504491.4
1.63503E+12,10/24/2021 0:00,ETH/USD,4167,4186,3961.6,4082.4,110753.5436,452140266.3
1.63495E+12,10/23/2021 0:00,ETH/USD,3971.7,4171.4,3934.5,4167,112299.4994,467952014.2
1.63486E+12,10/22/2021 0:00,ETH/USD,4053.9,4169,3887.3,3971.7,172924.5954,686804615.7
1.63477E+12,10/21/2021 0:00,ETH/USD,4162.8,4374,3477,4053.9,279087.8621,1131394284
1.63469E+12,10/20/2021 0:00,ETH/USD,3878.3,4169.4,3829.2,4162.8,146790.9311,611061287.8
1.6346E+12,10/19/2021 0:00,ETH/USD,3745.3,3888.1,3732.4,3878.3,117136.3261,454289813.5
1.63452E+12,10/18/2021 0:00,ETH/USD,3847.3,4002.3,3600,3745.3,154162.4897,577384772.5
1.63443E+12,10/17/2021 0:00,ETH/USD,3830.5,3919.1,3640,3847.3,123037.7303,473363059.6
1.63434E+12,10/16/2021 0:00,ETH/USD,3869.8,3969.6,3803.6,3830.5,105951.0379,405845450.7
1.63426E+12,10/15/2021 0:00,ETH/USD,3791.5,3907.3,3732,3869.8,148609.9432,575090758.3
1.63417E+12,10/14/2021 0:00,ETH/USD,3608.7,3826.5,3589,3791.5,138701.0882,525885175.9
1.63408E+12,10/13/2021 0:00,ETH/USD,3490.8,3613.8,3407.9,3608.7,105586.4496,381029820.8
1.634E+12,10/12/2021 0:00,ETH/USD,3542.4,3548.2,3404.1,3490.8,108747.5235,379615855.2
1.63391E+12,10/11/2021 0:00,ETH/USD,3414.8,3623,3372,3542.5,111431.5208,394746162.4
1.63382E+12,10/10/2021 0:00,ETH/USD,3576.5,3604.6,3408.1,3414.8,100821.0335,344283665.2
1.63374E+12,10/9/2021 0:00,ETH/USD,3563.2,3635.1,3538,3576.5,58962.8682,210880698.1
1.63365E+12,10/8/2021 0:00,ETH/USD,3588.3,3677.3,3532.3,3563.2,98800.79574,352046995.4
1.63356E+12,10/7/2021 0:00,ETH/USD,3575.6,3656.7,3471.8,3588.4,106802.5486,383250265.5
1.63348E+12,10/6/2021 0:00,ETH/USD,3517.1,3632.3,3343,3575.5,148192.3364,529861698.9
1.63339E+12,10/5/2021 0:00,ETH/USD,3386.9,3547.3,3365,3516.9,95308.35554,335189955.6
1.63331E+12,10/4/2021 0:00,ETH/USD,3419.9,3442.8,3270,3386.9,120278.9248,407372690.3
1.63322E+12,10/3/2021 0:00,ETH/USD,3389.1,3490,3345.1,3419.9,83851.37317,286763311.1
1.63313E+12,10/2/2021 0:00,ETH/USD,3311.1,3472.3,3258.6,3389.1,117122.7643,396940760.4
1.63305E+12,10/1/2021 0:00,ETH/USD,3000.4,3333,2968.4,3311,155450.9529,514698105.1
1.63296E+12,9/30/2021 0:00,ETH/USD,2849.2,3051.2,2836.9,3000.4,160089.0329,480331134.4
1.63287E+12,9/29/2021 0:00,ETH/USD,2805,2949.4,2780.6,2849.2,119332.4739,340002084.6
1.63279E+12,9/28/2021 0:00,ETH/USD,2926,2970.8,2788.1,2805,151113.5,423873367.6
1.6327E+12,9/27/2021 0:00,ETH/USD,3060.9,3166.6,2924.5,2926,124557.1977,364454360.3
1.63261E+12,9/26/2021 0:00,ETH/USD,2923.8,3118,2740,3060.9,178379.4203,546001567.5
1.63253E+12,9/25/2021 0:00,ETH/USD,2930.6,2968.8,2800,2923.8,126800.0337,370737938.5
1.63244E+12,9/24/2021 0:00,ETH/USD,3154.5,3160.7,2732,2930.6,294865.3978,864132534.8
1.63236E+12,9/23/2021 0:00,ETH/USD,3078.5,3174.9,3035.2,3154.5,142307.6615,448909518.2
1.63227E+12,9/22/2021 0:00,ETH/USD,2765.5,3091.1,2737.3,3078.5,228658.3039,703924588.4
1.63218E+12,9/21/2021 0:00,ETH/USD,2976.8,3105.7,2650,2765.4,373529.7688,1032959223
1.6321E+12,9/20/2021 0:00,ETH/USD,3328.7,3346.7,2915,2977,359631.619,1070623330
1.63201E+12,9/19/2021 0:00,ETH/USD,3435.7,3457,3280,3328.4,119850.7575,398911261.3
1.63192E+12,9/18/2021 0:00,ETH/USD,3399.9,3543.1,3369.2,3435.7,140471.5711,482618176.7
1.63184E+12,9/17/2021 0:00,ETH/USD,3569.3,3594.7,3349,3399.4,152532.6791,518519589.2
1.63175E+12,9/16/2021 0:00,ETH/USD,3616.3,3677.3,3482.3,3569.3,137969.5759,492454807.2
1.63166E+12,9/15/2021 0:00,ETH/USD,3436.1,3620.4,3359.4,3616.3,98024.32746,354485375.4
1.63158E+12,9/14/2021 0:00,ETH/USD,3285.7,3438.6,3270.4,3436.7,103690.6733,356353736.9
1.63149E+12,9/13/2021 0:00,ETH/USD,3404.4,3438.9,3099.9,3285.7,191304.7642,628570063.8
1.6314E+12,9/12/2021 0:00,ETH/USD,3266.8,3473.8,3231.4,3404.4,89351.57015,304188485.4
1.63132E+12,9/11/2021 0:00,ETH/USD,3209.3,3348.6,3199.7,3266.8,83799.20738,273755250.7
1.63123E+12,9/10/2021 0:00,ETH/USD,3424.5,3514.6,3144.4,3209.3,135993.3267,436443383.3
1.63115E+12,9/9/2021 0:00,ETH/USD,3498.4,3567.8,3391.5,3424.5,133279.2807,456414896.7
1.63106E+12,9/8/2021 0:00,ETH/USD,3435.6,3568.1,3216.2,3498.4,221925.3039,776383483.3
1.63097E+12,9/7/2021 0:00,ETH/USD,3928.4,3948.3,2994.1,3435.6,309337.7209,1062760674
1.63089E+12,9/6/2021 0:00,ETH/USD,3952.6,3972.2,3866.5,3928.4,65727.05187,258202150.6
1.6308E+12,9/5/2021 0:00,ETH/USD,3887.1,3983,3835.7,3952.6,72200.36369,285379157.5
1.63071E+12,9/4/2021 0:00,ETH/USD,3941.1,3971.2,3833.1,3887.1,79569.89963,309296156.9
1.63063E+12,9/3/2021 0:00,ETH/USD,3787.8,4030.2,3709.1,3941.1,154447.5331,608693172.8
1.63054E+12,9/2/2021 0:00,ETH/USD,3829.3,3838.5,3725,3787.8,148618.2073,562936045.5
1.63045E+12,9/1/2021 0:00,ETH/USD,3431.2,3844,3383.3,3829.3,186181.5482,712945002.6
1.63037E+12,8/31/2021 0:00,ETH/USD,3228.8,3476,3188.1,3431.3,231566.9273,794575597.5
1.63028E+12,8/30/2021 0:00,ETH/USD,3226.1,3349,3145,3228.8,149311.5557,482097151
1.6302E+12,8/29/2021 0:00,ETH/USD,3247.1,3289.2,3120,3226.1,98064.58975,316366173
1.63011E+12,8/28/2021 0:00,ETH/USD,3275.9,3287.7,3213,3247.1,63716.75742,206894683
1.63002E+12,8/27/2021 0:00,ETH/USD,3092.9,3283.6,3061.5,3275.9,121318.9717,397428819.3
1.62994E+12,8/26/2021 0:00,ETH/USD,3228.2,3250,3055,3093.4,121158.1296,374790558.2
1.62985E+12,8/25/2021 0:00,ETH/USD,3170.9,3249.1,3077.4,3228.2,124555.7468,402090861.8
1.62976E+12,8/24/2021 0:00,ETH/USD,3322.5,3360.7,3148.2,3170.9,116090.4548,368111223
1.62968E+12,8/23/2021 0:00,ETH/USD,3241.7,3400,3234,3322.5,135368.4063,449761529.8
1.62959E+12,8/22/2021 0:00,ETH/USD,3226.3,3276.2,3127.1,3241.7,76247.41084,247171231.7
1.6295E+12,8/21/2021 0:00,ETH/USD,3286.9,3311.9,3208.1,3226.4,75978.3771,245136635.9
1.62942E+12,8/20/2021 0:00,ETH/USD,3185.5,3303.1,3179.1,3286.9,94929.27853,312023045.6
1.62933E+12,8/19/2021 0:00,ETH/USD,3014.8,3200,2959.4,3185.5,117451.0547,374140334.8
1.62924E+12,8/18/2021 0:00,ETH/USD,3011.5,3127.4,2950,3014.9,129932.9886,391734967.3
1.62916E+12,8/17/2021 0:00,ETH/USD,3147.2,3292.6,2989,3011.5,183605.9373,552929280.3
1.62907E+12,8/16/2021 0:00,ETH/USD,3312.4,3341.3,3134.3,3147.2,124807.1294,392792997.7
1.62899E+12,8/15/2021 0:00,ETH/USD,3266.1,3327.4,3112.1,3312.4,109870.8868,363936325.3
1.6289E+12,8/14/2021 0:00,ETH/USD,3325,3334.8,3208.1,3266.1,74768.86084,244202576.4
1.62881E+12,8/13/2021 0:00,ETH/USD,3046.9,3330.7,3035.3,3325,113425.3159,377139175.5
1.62873E+12,8/12/2021 0:00,ETH/USD,3161.9,3240.5,2982.3,3046.9,132233.3696,402901853.9
1.62864E+12,8/11/2021 0:00,ETH/USD,3142.6,3276.5,3120.2,3161.9,125084.2485,395503885.2
1.62855E+12,8/10/2021 0:00,ETH/USD,3162.1,3236,3052.7,3142.6,128214.0355,402925427.9
1.62847E+12,8/9/2021 0:00,ETH/USD,3013.7,3190,2895,3162.1,147592.2204,466701360.1
1.62838E+12,8/8/2021 0:00,ETH/USD,3163.1,3194.4,2950.2,3013.7,151957.9639,457955715.7
1.62829E+12,8/7/2021 0:00,ETH/USD,2892.9,3174.5,2866.7,3163.1,149613.5478,473242613.2
1.62821E+12,8/6/2021 0:00,ETH/USD,2829.2,2951.1,2721.6,2892.9,111418.9167,322323784.3
1.62812E+12,8/5/2021 0:00,ETH/USD,2726,2846.2,2529.1,2829.2,187228.5891,529707124.2
1.62804E+12,8/4/2021 0:00,ETH/USD,2507.3,2773,2458,2726,177777.1365,484620474
1.62795E+12,8/3/2021 0:00,ETH/USD,2607.7,2632.9,2444,2507.3,211473.5098,530227531.2
1.62786E+12,8/2/2021 0:00,ETH/USD,2556,2666,2505,2607.7,140425.9628,366188783.1
1.62778E+12,8/1/2021 0:00,ETH/USD,2533.9,2698.5,2516,2555.9,129604.1293,331255194.2
1.62769E+12,7/31/2021 0:00,ETH/USD,2463.3,2555.3,2423.4,2533.8,78351.58955,198527257.6
1.6276E+12,7/30/2021 0:00,ETH/USD,2384.1,2473.9,2317.4,2463.4,140639.0515,346450239.6
1.62752E+12,7/29/2021 0:00,ETH/USD,2301.7,2406.3,2267.4,2384.1,93823.92989,223685631.3
1.62743E+12,7/28/2021 0:00,ETH/USD,2300.3,2346.8,2246.2,2300.8,125341.651,288386070.6
1.62734E+12,7/27/2021 0:00,ETH/USD,2228.9,2319.5,2152.5,2300.3,195267.1292,449172977.2
1.62726E+12,7/26/2021 0:00,ETH/USD,2192,2558,2174.1,2228.9,283769.6314,632494131.5
1.62717E+12,7/25/2021 0:00,ETH/USD,2185.8,2199,2070,2192,85253.04202,186874668.1
1.62708E+12,7/24/2021 0:00,ETH/USD,2125.2,2199.9,2106.4,2185.8,71562.40765,156421110.6
1.627E+12,7/23/2021 0:00,ETH/USD,2024.6,2132.7,1997,2125.2,108804.2733,231230841.6
1.62691E+12,7/22/2021 0:00,ETH/USD,1996.3,2100,1948.7,2024.6,124847.0518,252765341.1
1.62683E+12,7/21/2021 0:00,ETH/USD,1786.3,2042.3,1754.8,1996.2,164890.2546,329153926.3
1.62674E+12,7/20/2021 0:00,ETH/USD,1818.6,1841.1,1718.8,1786.3,150977.9612,269691932.1
1.62665E+12,7/19/2021 0:00,ETH/USD,1891.6,1918.4,1803.3,1818.6,90184.54345,164009610.7
1.62657E+12,7/18/2021 0:00,ETH/USD,1899.5,1994.4,1878.6,1891.6,97882.87774,185155251.5
1.62648E+12,7/17/2021 0:00,ETH/USD,1876.9,1920,1845.6,1899.5,73200.57373,139044489.8
1.62639E+12,7/16/2021 0:00,ETH/USD,1919.3,1965,1850,1876.9,151624.2814,284583613.8
1.62631E+12,7/15/2021 0:00,ETH/USD,1995,2042.2,1880.4,1919.3,113963.1526,218729478.8
1.62622E+12,7/14/2021 0:00,ETH/USD,1940.5,2018.4,1864,1995.1,133776.6769,266897848.1
1.62613E+12,7/13/2021 0:00,ETH/USD,2032.4,2047,1917.3,1940.5,114272.7442,221746260.2
1.62605E+12,7/12/2021 0:00,ETH/USD,2140.7,2168.1,2003,2032.4,86174.96575,175142000.4
1.62596E+12,7/11/2021 0:00,ETH/USD,2111,2176.2,2081.1,2140.7,60952.77971,130481615.5
1.62588E+12,7/10/2021 0:00,ETH/USD,2147.7,2194,2075,2111,99288.73536,209598520.3
1.62579E+12,7/9/2021 0:00,ETH/USD,2116,2189.1,2048.5,2147.7,138939.7516,298400904.6
1.6257E+12,7/8/2021 0:00,ETH/USD,2316.8,2325.6,2083.7,2116,165838.661,350914606.6
1.62562E+12,7/7/2021 0:00,ETH/USD,2322.8,2410.4,2294.2,2316.8,116265.4416,269363775.1
1.62553E+12,7/6/2021 0:00,ETH/USD,2196.8,2380,2193.8,2322.8,140839.74,327142548
1.62544E+12,7/5/2021 0:00,ETH/USD,2323.2,2324.8,2159.2,2196.8,139753.5516,307010602.2
1.62536E+12,7/4/2021 0:00,ETH/USD,2227.6,2398.2,2190,2323.5,95354.40211,221555953.3
1.62527E+12,7/3/2021 0:00,ETH/USD,2155,2240,2113,2227.6,61686.07254,137411895.2
1.62518E+12,7/2/2021 0:00,ETH/USD,2106.3,2160,2016.9,2155,87352.04309,188243652.9
1.6251E+12,7/1/2021 0:00,ETH/USD,2276.6,2277.3,2072,2106.3,122988.1274,259049892.7
1.62501E+12,6/30/2021 0:00,ETH/USD,2165.7,2289.9,2089.3,2276.6,112250.8202,255550217.2
1.62492E+12,6/29/2021 0:00,ETH/USD,2084.5,2246.3,2074.1,2165.7,119633.1991,259089619.2
1.62484E+12,6/28/2021 0:00,ETH/USD,1983.1,2147.4,1962,2084.5,115375.5546,240500343.6
1.62475E+12,6/27/2021 0:00,ETH/USD,1829.5,1986.3,1806.2,1983.1,77132.99302,152962438.5
1.62467E+12,6/26/2021 0:00,ETH/USD,1809.2,1852.3,1716.1,1829.5,114213.5097,208953616
1.62458E+12,6/25/2021 0:00,ETH/USD,1990.1,2021,1790.5,1809.2,137832.7894,249367082.5
1.62449E+12,6/24/2021 0:00,ETH/USD,1968.6,2037.4,1885.7,1990.1,64641.5023,128643053.7
1.62441E+12,6/23/2021 0:00,ETH/USD,1880.1,2045.1,1822.9,1968.6,116795.4884,229923598.4
1.62432E+12,6/22/2021 0:00,ETH/USD,1885.6,1997.4,1699.9,1880.1,229633.7124,431734342.6
1.62423E+12,6/21/2021 0:00,ETH/USD,2243.3,2259.6,1860,1885,291397.7912,549284836.3
1.62415E+12,6/20/2021 0:00,ETH/USD,2163.8,2276.5,2042,2243.3,77404.04261,173640488.8
1.62406E+12,6/19/2021 0:00,ETH/USD,2234,2278.6,2161.4,2163.8,65713.79995,142191520.3
1.62397E+12,6/18/2021 0:00,ETH/USD,2373.3,2377.3,2137.6,2234,133151.5241,297460504.8
1.62389E+12,6/17/2021 0:00,ETH/USD,2367.3,2461.1,2304.5,2373.3,73318.94369,174007849.1
1.6238E+12,6/16/2021 0:00,ETH/USD,2543.3,2557.4,2351.1,2367.3,82049.54739,194235893.5
1.62372E+12,6/15/2021 0:00,ETH/USD,2582.1,2640.9,2508,2543.3,65842.39446,167456961.8
1.62363E+12,6/14/2021 0:00,ETH/USD,2509.9,2637.6,2462.3,2582.1,54947.9328,141881057.3
1.62354E+12,6/13/2021 0:00,ETH/USD,2371.2,2549.9,2309,2509.8,64142.66262,160985254.6
1.62346E+12,6/12/2021 0:00,ETH/USD,2353.8,2454.4,2256.7,2371.2,75381.99148,178745778.2
1.62337E+12,6/11/2021 0:00,ETH/USD,2472.1,2498.5,2319.9,2353.9,76421.43043,179888405.1
1.62328E+12,6/10/2021 0:00,ETH/USD,2611.8,2625.9,2427.4,2472.1,89355.00609,220894510.6
1.6232E+12,6/9/2021 0:00,ETH/USD,2509.6,2628.6,2406.8,2612.3,128597.8761,335936231.8
1.62311E+12,6/8/2021 0:00,ETH/USD,2592.3,2622.1,2308.8,2509.6,255742.6427,641811736.1
1.62302E+12,6/7/2021 0:00,ETH/USD,2712.8,2859,2570,2592.3,192235.7879,498332833
1.62294E+12,6/6/2021 0:00,ETH/USD,2627.3,2746.9,2614.6,2712.8,84793.07234,230026646.6
1.62285E+12,6/5/2021 0:00,ETH/USD,2691,2817.6,2553.2,2627.3,135744.8168,356642357.3
1.62276E+12,6/4/2021 0:00,ETH/USD,2857.1,2860.4,2552,2691,191687.3492,515830656.7
1.62268E+12,6/3/2021 0:00,ETH/USD,2706.8,2896.5,2662.9,2857.1,139053.7205,397290385
1.62259E+12,6/2/2021 0:00,ETH/USD,2634.5,2803.2,2551.7,2706.8,137767.1713,372908179.1
1.62251E+12,6/1/2021 0:00,ETH/USD,2707.1,2741.3,2527,2634.5,175584.003,462576055.8
1.62242E+12,5/31/2021 0:00,ETH/USD,2387.5,2720,2269,2707.1,186080.8243,503739399.5
1.62233E+12,5/30/2021 0:00,ETH/USD,2280,2478.9,2182.3,2387.5,177987.6985,424945630.2
1.62225E+12,5/29/2021 0:00,ETH/USD,2413,2575.4,2208.3,2279.9,261451.5877,596083474.8
1.62216E+12,5/28/2021 0:00,ETH/USD,2745.7,2764.4,2330,2413,280884.6071,677774557
1.62207E+12,5/27/2021 0:00,ETH/USD,2890.6,2895,2643,2745.7,183898.4663,504930018.9
1.62199E+12,5/26/2021 0:00,ETH/USD,2708.5,2915.5,2650,2890.6,192468.4665,556349349.3
1.6219E+12,5/25/2021 0:00,ETH/USD,2652.1,2754,2386.1,2708.5,285371.2349,772927989.7
1.62181E+12,5/24/2021 0:00,ETH/USD,2098.5,2676.2,2051,2652.1,283059.764,750702800.1
1.62173E+12,5/23/2021 0:00,ETH/USD,2296.7,2382.2,1730,2098.5,434746.4799,912315488.1
1.62164E+12,5/22/2021 0:00,ETH/USD,2434.7,2500,2153.3,2296.7,263978.3873,606279162
1.62156E+12,5/21/2021 0:00,ETH/USD,2773.2,2944.1,2105,2434.7,341306.361,830978597.1
1.62147E+12,5/20/2021 0:00,ETH/USD,2443,2993.8,2154,2773.2,335622.6647,930748773.8
1.62138E+12,5/19/2021 0:00,ETH/USD,3377.3,3442.4,1821.8,2454,667601.0296,1638292927
1.6213E+12,5/18/2021 0:00,ETH/USD,3283.9,3567.7,3240.9,3377.3,154966.4941,523368340.5
1.62121E+12,5/17/2021 0:00,ETH/USD,3584.8,3589.4,3118.4,3282.9,245068.8415,804536499.9
1.62112E+12,5/16/2021 0:00,ETH/USD,3648,3883.4,3349.2,3584.8,199072.747,713635983.4
1.62104E+12,5/15/2021 0:00,ETH/USD,4080.6,4137.6,3632,3648,143513.0235,523535509.6
1.62095E+12,5/14/2021 0:00,ETH/USD,3719,4178.2,3691.8,4080.6,107578.9941,438986843.4
1.62086E+12,5/13/2021 0:00,ETH/USD,3823.6,4039.6,3530.5,3719,288901.8579,1074426009
1.62078E+12,5/12/2021 0:00,ETH/USD,4179.1,4381.4,3735,3824.2,168369.7149,643879463.9
1.62069E+12,5/11/2021 0:00,ETH/USD,3948.9,4185.9,3775.9,4179.1,140759.4804,588247944.7
1.6206E+12,5/10/2021 0:00,ETH/USD,3928.5,4213.3,3610.7,3948.9,161839.2029,639086828.5
1.62052E+12,5/9/2021 0:00,ETH/USD,3915.7,3986,3725,3928.5,71432.14414,280621178.2
1.62043E+12,5/8/2021 0:00,ETH/USD,3482.2,3963.6,3452.3,3915.7,85439.77853,334556540.8
1.62035E+12,5/7/2021 0:00,ETH/USD,3490.9,3590.8,3352.8,3482.2,78382.41439,272943243.4
1.62026E+12,5/6/2021 0:00,ETH/USD,3529.8,3611.6,3378.2,3490.9,92121.95135,321588520
1.62017E+12,5/5/2021 0:00,ETH/USD,3238.4,3548.6,3207.7,3529.8,130314.2823,459983353.8
1.62009E+12,5/4/2021 0:00,ETH/USD,3431.3,3528.6,3162.1,3238.6,213586.2221,691720338.8
1.62E+12,5/3/2021 0:00,ETH/USD,2951.3,3456.6,2951.3,3431.3,115348.1976,395794270.3
1.61991E+12,5/2/2021 0:00,ETH/USD,2947.8,2985.8,2852.6,2951.3,53748.42591,158627729.4
1.61983E+12,5/1/2021 0:00,ETH/USD,2775,2957.3,2755.2,2947.8,63765.15759,187966931.5
1.61974E+12,4/30/2021 0:00,ETH/USD,2759,2801.7,2726.3,2775,58386.20545,162021720.1
1.61965E+12,4/29/2021 0:00,ETH/USD,2748.4,2800.7,2669.6,2759,69835.69298,192676676.9
1.61957E+12,4/28/2021 0:00,ETH/USD,2669.5,2765.2,2563.4,2748.4,94701.39441,260277312.4
1.61948E+12,4/27/2021 0:00,ETH/USD,2534,2684,2483.4,2669.5,68141.76823,181904450.3
1.6194E+12,4/26/2021 0:00,ETH/USD,2322.3,2544.8,2305,2534.8,101780.7248,257993781.2
1.61931E+12,4/25/2021 0:00,ETH/USD,2214.6,2357.4,2163.9,2322.3,71216.81933,165386819.5
1.61922E+12,4/24/2021 0:00,ETH/USD,2368.7,2370.2,2155.2,2214.6,105834.8396,234381835.8
1.61914E+12,4/23/2021 0:00,ETH/USD,2400.1,2442.7,2107.9,2368.7,278366.7942,659367425.4
1.61905E+12,4/22/2021 0:00,ETH/USD,2357.6,2645.9,2301.9,2400,209568.5811,502964594.7
1.61896E+12,4/21/2021 0:00,ETH/USD,2333.9,2470.2,2237.1,2357.6,95736.25343,225707791.1
1.61888E+12,4/20/2021 0:00,ETH/USD,2161.6,2349.4,2051.4,2333.9,109576.2981,255740122.1
1.61879E+12,4/19/2021 0:00,ETH/USD,2240.3,2282.5,2078,2161.6,91445.87177,197669396.4
1.6187E+12,4/18/2021 0:00,ETH/USD,2317.4,2339.8,1925,2240.3,159785.8764,357968298.9
1.61862E+12,4/17/2021 0:00,ETH/USD,2424.8,2498.4,2310.3,2317.4,56691.05056,131375840.6
1.61853E+12,4/16/2021 0:00,ETH/USD,2517.6,2549.2,2303.6,2424.8,103563.2221,251120100.9
1.61844E+12,4/15/2021 0:00,ETH/USD,2432.9,2546.8,2401,2517.6,95091.91317,239403400.6
1.61836E+12,4/14/2021 0:00,ETH/USD,2300.3,2446.5,2279.8,2432.9,72821.66781,177167835.6
1.61827E+12,4/13/2021 0:00,ETH/USD,2136.5,2317.4,2134.9,2300.3,46653.30145,107316589.3
1.61819E+12,4/12/2021 0:00,ETH/USD,2150.2,2202.1,2101,2136.5,36133.54448,77199317.78
1.6181E+12,4/11/2021 0:00,ETH/USD,2133.2,2164.3,2112.1,2150.2,24843.77396,53419082.78
1.61801E+12,4/10/2021 0:00,ETH/USD,2065.4,2198.6,2056.8,2133.2,45917.0989,97950355.37
1.61793E+12,4/9/2021 0:00,ETH/USD,2080.7,2101.5,2048.9,2065.4,29628.38261,61194461.45
1.61784E+12,4/8/2021 0:00,ETH/USD,1962.1,2084.5,1945,2080.8,31520.07029,65586962.26
1.61775E+12,4/7/2021 0:00,ETH/USD,2113,2129.5,1930.6,1962.1,69782.03072,136919322.5
1.61767E+12,4/6/2021 0:00,ETH/USD,2108.1,2151.9,2044.8,2113,57101.59964,120655680
1.61758E+12,4/5/2021 0:00,ETH/USD,2077.2,2132.8,2001.7,2108.1,56908.37232,119968539.7
1.61749E+12,4/4/2021 0:00,ETH/USD,2008.2,2092.4,1971.9,2077.2,47968.00285,99639135.51
1.61741E+12,4/3/2021 0:00,ETH/USD,2134.2,2139.2,2002.2,2008.2,77805.42147,156248847.4
1.61732E+12,4/2/2021 0:00,ETH/USD,1967.9,2145.1,1948.4,2134.2,48674.55068,103881226.1
1.61724E+12,4/1/2021 0:00,ETH/USD,1921.1,1985.8,1884.6,1967.9,56315.00811,110822304.5
1.61715E+12,3/31/2021 0:00,ETH/USD,1841.6,1949.7,1771,1921.1,46119.92041,88600979.1
1.61706E+12,3/30/2021 0:00,ETH/USD,1816.8,1860,1786.3,1841.6,26446.47355,48703825.69
1.61698E+12,3/29/2021 0:00,ETH/USD,1687,1842.7,1677.7,1816.8,44756.89094,81314319.46
1.61689E+12,3/28/2021 0:00,ETH/USD,1713.8,1725.9,1662,1687,13006.95347,21942730.51
1.6168E+12,3/27/2021 0:00,ETH/USD,1700,1733.6,1666.5,1713.8,12428.99624,21300813.76
1.61672E+12,3/26/2021 0:00,ETH/USD,1586.1,1701.3,1585.9,1700,24284.4694,41283597.99
1.61663E+12,3/25/2021 0:00,ETH/USD,1581,1622.8,1548.4,1586.1,68235.88473,108228936.8
1.61654E+12,3/24/2021 0:00,ETH/USD,1667.9,1740.5,1546,1581,56195.76343,88845501.99
1.61646E+12,3/23/2021 0:00,ETH/USD,1681.3,1721.9,1650.7,1667.9,39886.54315,66526765.32
1.61637E+12,3/22/2021 0:00,ETH/USD,1783.9,1807,1654.3,1681.3,37579.34142,63182146.74
1.61628E+12,3/21/2021 0:00,ETH/USD,1805,1817.6,1747.3,1783.9,34039.37189,60722835.51
1.6162E+12,3/20/2021 0:00,ETH/USD,1809.6,1868.8,1801.1,1805,23542.53568,42494276.9
1.61611E+12,3/19/2021 0:00,ETH/USD,1775.6,1841.7,1733.7,1809.6,45270.66816,81921801.1
1.61603E+12,3/18/2021 0:00,ETH/USD,1824.3,1849.7,1758.6,1775.6,26182.51264,46489669.45
1.61594E+12,3/17/2021 0:00,ETH/USD,1806.1,1840.6,1742.1,1824.4,33643.28163,61378803.01
1.61585E+12,3/16/2021 0:00,ETH/USD,1794.9,1818.5,1712.2,1806.1,43494.41571,78555264.21
1.61577E+12,3/15/2021 0:00,ETH/USD,1848.1,1891,1734.7,1794.9,80723.57546,144890745.6
1.61568E+12,3/14/2021 0:00,ETH/USD,1921.6,1932.4,1836.9,1848.1,38666.3517,71459284.57
1.61559E+12,3/13/2021 0:00,ETH/USD,1766,1944,1726.9,1921.6,47538.89198,91350734.83
1.61551E+12,3/12/2021 0:00,ETH/USD,1827.4,1843.1,1710.7,1766,51518.93502,90982439.24
1.61542E+12,3/11/2021 0:00,ETH/USD,1794.2,1847.6,1723.8,1827.4,43514.30107,79518033.77
1.61533E+12,3/10/2021 0:00,ETH/USD,1871.7,1879.9,1758.2,1794.2,79722.39293,143037917.4
1.61525E+12,3/9/2021 0:00,ETH/USD,1833.9,1871.8,1801.3,1871.7,41896.17735,78417075.15
1.61516E+12,3/8/2021 0:00,ETH/USD,1726.5,1844.6,1666.1,1833.9,42638.70676,78195124.33
1.61508E+12,3/7/2021 0:00,ETH/USD,1651.3,1734.6,1630.9,1726.5,34721.41749,59946527.3
1.61499E+12,3/6/2021 0:00,ETH/USD,1528.8,1671.9,1512.6,1651.3,45366.39323,74913525.15
1.6149E+12,3/5/2021 0:00,ETH/USD,1538.5,1549.7,1442.3,1528.8,38858.60524,59407035.69
1.61482E+12,3/4/2021 0:00,ETH/USD,1568.5,1625.3,1501.5,1538.5,36245.16546,55763187.07
1.61473E+12,3/3/2021 0:00,ETH/USD,1487.8,1657.1,1476.9,1568.6,33892.38314,53163592.2
1.61464E+12,3/2/2021 0:00,ETH/USD,1571.7,1604.9,1456.1,1487.8,47129.86942,70119819.72
1.61456E+12,3/1/2021 0:00,ETH/USD,1420.9,1573.9,1412.2,1571.7,52328.85018,82245253.83
1.61447E+12,2/28/2021 0:00,ETH/USD,1459.3,1469.4,1292.4,1420.9,103822.6159,147521555
1.61438E+12,2/27/2021 0:00,ETH/USD,1444,1527.7,1423.4,1459.3,40159.8879,58605324.41
1.6143E+12,2/26/2021 0:00,ETH/USD,1481.2,1562.8,1400,1444,82737.81165,119473400
1.61421E+12,2/25/2021 0:00,ETH/USD,1623.8,1672.8,1457.8,1481.2,88042.07691,130407924.3
1.61412E+12,2/24/2021 0:00,ETH/USD,1577.9,1714.4,1499.9,1623.8,74378.5252,120775849.2
1.61404E+12,2/23/2021 0:00,ETH/USD,1777.3,1782.5,1370,1578.1,169061.7424,266796335.6
1.61395E+12,2/22/2021 0:00,ETH/USD,1935.1,1938.4,1550,1777.3,97912.39815,174019705.2
1.61387E+12,2/21/2021 0:00,ETH/USD,1914.1,1976.3,1884.1,1935.1,31366.90717,60698102.06
1.61378E+12,2/20/2021 0:00,ETH/USD,1957.2,2043.3,1801.6,1914.1,53297.02098,102015827.9
1.61369E+12,2/19/2021 0:00,ETH/USD,1938.6,2155,1760.7,1957.2,37602.16595,73594959.2
1.61361E+12,2/18/2021 0:00,ETH/USD,1850.6,1950.5,1850.6,1938.6,39611.47169,76790799.03
1.61352E+12,2/17/2021 0:00,ETH/USD,1782.3,1857.1,1733.6,1850.6,49694.80918,91965213.87
1.61343E+12,2/16/2021 0:00,ETH/USD,1779,1828.6,1724.9,1782.3,36211.16227,64539154.51
1.61335E+12,2/15/2021 0:00,ETH/USD,1802.1,1837,1663.9,1779,41888.81086,74520194.52
1.61326E+12,2/14/2021 0:00,ETH/USD,1817.4,1852.6,1783.6,1802.1,32240.07339,58099836.25
1.61317E+12,2/13/2021 0:00,ETH/USD,1844.8,1876.9,1764.6,1817.4,55065.2005,100075495.4
1.61309E+12,2/12/2021 0:00,ETH/USD,1788.3,1869.6,1739.3,1844.8,42056.52829,77585883.38
1.613E+12,2/11/2021 0:00,ETH/USD,1741.8,1820.4,1703.6,1788.3,36619.97733,65487505.47
1.61292E+12,2/10/2021 0:00,ETH/USD,1770.8,1840,1678.4,1741.8,45137.80809,78621034.13
1.61283E+12,2/9/2021 0:00,ETH/USD,1751.6,1825,1706,1770.8,36623.64256,64853146.24
1.61274E+12,2/8/2021 0:00,ETH/USD,1614.6,1780,1566.2,1751.6,46087.35525,80726611.45
1.61266E+12,2/7/2021 0:00,ETH/USD,1678.4,1694.4,1492.3,1614.6,54339.21805,87736101.47
1.61257E+12,2/6/2021 0:00,ETH/USD,1720.7,1744.9,1644.9,1678.4,35575.80827,59710436.59
1.61248E+12,2/5/2021 0:00,ETH/USD,1597,1764.7,1591.6,1720.7,39505.94153,67977873.58
1.6124E+12,2/4/2021 0:00,ETH/USD,1666.8,1698.9,1557.3,1597,50406.15573,80498630.7
1.61231E+12,2/3/2021 0:00,ETH/USD,1512.8,1672.4,1509.1,1666.8,41728.359,69552828.77
1.61222E+12,2/2/2021 0:00,ETH/USD,1375,1549.5,1361,1512.8,59570.72998,90118600.31
1.61214E+12,2/1/2021 0:00,ETH/USD,1312.8,1378,1269.3,1375,41776.30747,57442422.77
1.61205E+12,1/31/2021 0:00,ETH/USD,1379.4,1382,1281.3,1312.8,32478.82892,42638206.6
1.61196E+12,1/30/2021 0:00,ETH/USD,1379.2,1407.3,1325.9,1379.4,42223.18599,58242662.76
1.61188E+12,1/29/2021 0:00,ETH/USD,1332.2,1442.5,1287.5,1379.2,92373.29802,127401252.6
1.61179E+12,1/28/2021 0:00,ETH/USD,1240.4,1362.2,1219.1,1332.2,50540.60997,67330200.61
1.61171E+12,1/27/2021 0:00,ETH/USD,1368.5,1375.8,1207.1,1240.4,68276.28399,84689902.66
1.61162E+12,1/26/2021 0:00,ETH/USD,1317.3,1378,1244.8,1368.5,64829.69386,88719436.04
1.61153E+12,1/25/2021 0:00,ETH/USD,1394.6,1478.2,1291.9,1317.3,64740.92734,85283223.58
1.61145E+12,1/24/2021 0:00,ETH/USD,1233.9,1400.4,1221.4,1394.6,41743.02418,58214821.52
1.61136E+12,1/23/2021 0:00,ETH/USD,1234.3,1273.8,1197.2,1233.9,26157.74695,32276043.96
1.61127E+12,1/22/2021 0:00,ETH/USD,1110.8,1274.4,1041,1234.3,80212.1769,99005889.95
1.61119E+12,1/21/2021 0:00,ETH/USD,1377.9,1389.4,1080,1110.8,109706.7952,121862308.1
1.6111E+12,1/20/2021 0:00,ETH/USD,1366.6,1408.4,1233.6,1378.1,58854.66969,81107620.3
1.61101E+12,1/19/2021 0:00,ETH/USD,1259.1,1439.6,1252.5,1367.3,69604.95459,95170854.41
1.61093E+12,1/18/2021 0:00,ETH/USD,1232.4,1262.9,1182.5,1259.1,31363.61198,39489923.84
1.61084E+12,1/17/2021 0:00,ETH/USD,1228.3,1270.6,1164.8,1232.4,38754.25096,47760738.88
1.61076E+12,1/16/2021 0:00,ETH/USD,1167.9,1292.7,1151.3,1228.3,56370.41032,69239774.99
1.61067E+12,1/15/2021 0:00,ETH/USD,1231.5,1255.3,1070,1167.9,73283.60379,85587920.86
1.61058E+12,1/14/2021 0:00,ETH/USD,1130.4,1247,1086.2,1231.5,47084.87919,57985028.72
1.6105E+12,1/13/2021 0:00,ETH/USD,1048.8,1137.5,986.1,1130.4,48916.36901,55295063.53
1.61041E+12,1/12/2021 0:00,ETH/USD,1087.9,1151.1,1006.2,1048.8,66112.78057,69339084.27
1.61032E+12,1/11/2021 0:00,ETH/USD,1254.5,1259.8,913,1087.9,144862.6736,157596102.7
1.61024E+12,1/10/2021 0:00,ETH/USD,1279.5,1353.5,1161.7,1254.5,66616.4452,83570330.5
1.61015E+12,1/9/2021 0:00,ETH/USD,1217.3,1309.18,1171.6,1279.5,46199.40676,59112140.95
1.61006E+12,1/8/2021 0:00,ETH/USD,1226.19,1275.78,1059.88,1217.3,90900.50828,110653188.7
1.60998E+12,1/7/2021 0:00,ETH/USD,1211.3,1291.82,1138.37,1226.19,72505.80359,88905891.3
1.60989E+12,1/6/2021 0:00,ETH/USD,1103.57,1217,1059.23,1211.3,67700.75818,82005928.39
1.6098E+12,1/5/2021 0:00,ETH/USD,1042.67,1136.24,974.38,1103.57,74283.77235,81977342.65
1.60972E+12,1/4/2021 0:00,ETH/USD,979.91,1169.9,888.5,1042.67,118929.9406,124004681.2
1.60963E+12,1/3/2021 0:00,ETH/USD,775.09,1017.36,769.88,979.91,75723.8568,74202564.52
1.60955E+12,1/2/2021 0:00,ETH/USD,730.69,788.88,716.31,775.09,50102.76261,38834150.27
1.60946E+12,1/1/2021 0:00,ETH/USD,737.28,750.41,716.32,730.69,27311.41537,19956178.1
1.60937E+12,12/31/2020 0:00,ETH/USD,752.2,755.83,723.35,737.27,67592.94699,49834252.02
1.60929E+12,12/30/2020 0:00,ETH/USD,731.55,758.6,715.86,752.2,28953.90782,21779129.46
1.6092E+12,12/29/2020 0:00,ETH/USD,729.16,739.39,688,731.55,42511.40445,31099217.93
1.60911E+12,12/28/2020 0:00,ETH/USD,684.09,746.83,681.15,729.16,51724.33814,37715318.4
1.60903E+12,12/27/2020 0:00,ETH/USD,636.73,716.57,623.65,684.09,62847.58572,42993404.91
1.60894E+12,12/26/2020 0:00,ETH/USD,626.6,652.79,615.4,636.73,21810.48177,13887388.06
1.60885E+12,12/25/2020 0:00,ETH/USD,612.22,634.05,603.64,626.6,11893.43648,7452427.297
1.60877E+12,12/24/2020 0:00,ETH/USD,585.04,614.69,565.07,612.22,26650.34075,16315871.62
1.60868E+12,12/23/2020 0:00,ETH/USD,636.93,638.61,546.28,585.04,43007.44215,25161073.96
1.6086E+12,12/22/2020 0:00,ETH/USD,608.03,637.99,586.85,636.93,22308.46724,14208932.04
1.60851E+12,12/21/2020 0:00,ETH/USD,638.09,648.19,595.45,608.03,41176.19453,25036361.56
1.60842E+12,12/20/2020 0:00,ETH/USD,659.02,661.49,621.55,638.09,19765.03336,12611870.14
1.60834E+12,12/19/2020 0:00,ETH/USD,654.74,671.17,646.46,659.02,22062.17029,14539411.47
1.60825E+12,12/18/2020 0:00,ETH/USD,643.59,664.45,629.57,654.74,30711.28385,20107905.98
1.60816E+12,12/17/2020 0:00,ETH/USD,638.01,676.71,623.06,643.59,53381.19295,34355601.97
1.60808E+12,12/16/2020 0:00,ETH/USD,589,639.5,581.1,638.01,28347.37186,18085906.72
1.60799E+12,12/15/2020 0:00,ETH/USD,586.15,597.32,578.91,589,11954.36619,7041121.685
1.6079E+12,12/14/2020 0:00,ETH/USD,590.69,591.64,575.54,586.15,16090.73324,9431583.291
1.60782E+12,12/13/2020 0:00,ETH/USD,568.27,595,563.78,590.69,16774.5333,9908549.075
1.60773E+12,12/12/2020 0:00,ETH/USD,544.18,574.23,542.95,568.44,21243.89537,12075879.89
1.60764E+12,12/11/2020 0:00,ETH/USD,558.76,560.51,534.23,544.18,28895.59154,15724403
1.60756E+12,12/10/2020 0:00,ETH/USD,573.47,575.72,548.12,558.76,17647.10493,9860496.351
1.60747E+12,12/9/2020 0:00,ETH/USD,554.63,578.18,530.08,573.47,28454.72935,16317933.64
1.60739E+12,12/8/2020 0:00,ETH/USD,591.57,595.22,548.81,554.51,23293.75235,12916618.62
1.6073E+12,12/7/2020 0:00,ETH/USD,602.09,603.47,584.54,591.57,9639.352317,5702351.65
1.60721E+12,12/6/2020 0:00,ETH/USD,597.26,607.84,583.55,602.09,15678.30137,9439748.47
1.60713E+12,12/5/2020 0:00,ETH/USD,567.72,597.62,561.19,597.26,14936.5268,8920989.997
1.60704E+12,12/4/2020 0:00,ETH/USD,616.54,620.64,565.5,567.72,32028.72422,18183347.31
1.60695E+12,12/3/2020 0:00,ETH/USD,597.4,624.04,586.4,616.54,15839.88955,9765925.504
1.60687E+12,12/2/2020 0:00,ETH/USD,585.69,605,575,597.41,18793.54302,11227450.54
1.60678E+12,12/1/2020 0:00,ETH/USD,617,636.66,560,585.69,55179.89837,32318314.67
1.60669E+12,11/30/2020 0:00,ETH/USD,576.58,617,571.06,617,48869.69267,30152600.38
1.60661E+12,11/29/2020 0:00,ETH/USD,537.9,577.32,531.3,576.58,22192.85256,12795954.93
1.60652E+12,11/28/2020 0:00,ETH/USD,519.16,548.7,507.09,537.87,30467.79529,16387713.05
1.60644E+12,11/27/2020 0:00,ETH/USD,520.45,530.97,493.89,519.16,52393.70954,27200718.25
1.60635E+12,11/26/2020 0:00,ETH/USD,569.26,576.88,480.67,520.45,128946.3843,67110145.72
1.60626E+12,11/25/2020 0:00,ETH/USD,605.45,606.47,555.25,569.31,50729.729,28880942.02
1.60618E+12,11/24/2020 0:00,ETH/USD,609.14,623.45,589,605.45,83135.3989,50334327.27
1.60609E+12,11/23/2020 0:00,ETH/USD,560.62,611.21,550.89,609.14,90821.06324,55322742.46
1.606E+12,11/22/2020 0:00,ETH/USD,552.74,581.64,510.51,560.62,97251.54511,54521161.22
1.60592E+12,11/21/2020 0:00,ETH/USD,510.33,553.7,503.16,552.73,55877.36342,30885095.08
1.60583E+12,11/20/2020 0:00,ETH/USD,471.65,514.62,471.15,510.33,54140.58846,27629566.51
1.60574E+12,11/19/2020 0:00,ETH/USD,478.74,480.99,465.25,471.65,22313.04187,10523946.2
1.60566E+12,11/18/2020 0:00,ETH/USD,482.81,495.57,457.92,478.74,47219.49116,22605859.2
1.60557E+12,11/17/2020 0:00,ETH/USD,460.96,485.3,460.22,482.81,37354.32803,18035043.12
1.60548E+12,11/16/2020 0:00,ETH/USD,448.39,466.22,445.9,460.96,24281.41497,11192761.04
1.6054E+12,11/15/2020 0:00,ETH/USD,461.16,463.13,440.51,448.39,35610.4403,15967365.33
1.60531E+12,11/14/2020 0:00,ETH/USD,477.02,477.96,452.56,461.16,20927.79762,9651063.15
1.60523E+12,11/13/2020 0:00,ETH/USD,462.8,478.43,457.35,477.02,36130.10907,17234784.63
1.60514E+12,11/12/2020 0:00,ETH/USD,463.64,470.49,451.95,462.8,57811.14556,26754998.16
1.60505E+12,11/11/2020 0:00,ETH/USD,450.91,476.86,449.95,463.64,47486.69712,22016732.25
1.60497E+12,11/10/2020 0:00,ETH/USD,444.59,455.49,439.23,450.91,44417.67909,20028375.68
1.60488E+12,11/9/2020 0:00,ETH/USD,454.71,459.3,434.02,444.59,65955.24165,29323040.89
1.60479E+12,11/8/2020 0:00,ETH/USD,435.41,460.52,432.5,454.71,41984.9607,19090981.48
1.60471E+12,11/7/2020 0:00,ETH/USD,456.51,468.77,423.53,435.41,79256.11945,34508906.97
1.60462E+12,11/6/2020 0:00,ETH/USD,417.08,458.78,415.4,456.51,73137.23854,33387880.77
1.60453E+12,11/5/2020 0:00,ETH/USD,403.08,421,397.12,417.15,64524.33387,26916325.87
1.60445E+12,11/4/2020 0:00,ETH/USD,388.23,408.8,377.02,403.08,45648.00779,18399798.98
1.60436E+12,11/3/2020 0:00,ETH/USD,383.61,390.47,370.52,388.23,28116.26782,10915578.65
1.60428E+12,11/2/2020 0:00,ETH/USD,397.01,404.53,378.49,383.61,41152.01641,15786325.01
1.60419E+12,11/1/2020 0:00,ETH/USD,386.66,397.88,385.06,397.01,21543.75892,8553087.729
1.6041E+12,10/31/2020 0:00,ETH/USD,382.91,394.2,380.77,386.66,32739.34906,12658996.71
1.60402E+12,10/30/2020 0:00,ETH/USD,387.34,392.17,372.34,382.91,38832.23269,14869250.22
1.60393E+12,10/29/2020 0:00,ETH/USD,388.59,393.98,380.93,387.34,28151.56594,10904227.55
1.60384E+12,10/28/2020 0:00,ETH/USD,403.59,409.35,380.5,388.59,44707.26044,17372794.34
1.60376E+12,10/27/2020 0:00,ETH/USD,393.05,410.79,390.31,403.59,39674.44149,16012207.84
1.60367E+12,10/26/2020 0:00,ETH/USD,406.27,411.56,383.11,393.05,59883.50121,23537210.15
1.60358E+12,10/25/2020 0:00,ETH/USD,412.51,417.75,402.72,406.27,13839.50807,5622576.945
1.6035E+12,10/24/2020 0:00,ETH/USD,409.54,416.99,407.51,412.51,9272.491567,3824995.496
1.60341E+12,10/23/2020 0:00,ETH/USD,414.53,419.44,402,409.54,22373.8664,9162993.246
1.60332E+12,10/22/2020 0:00,ETH/USD,391.19,421.46,391.08,414.53,47566.81937,19717873.63
1.60324E+12,10/21/2020 0:00,ETH/USD,368.74,401.92,368.12,391.19,52782.40172,20647947.73
1.60315E+12,10/20/2020 0:00,ETH/USD,379.55,380.92,365.34,368.74,33237.54406,12256012
1.60307E+12,10/19/2020 0:00,ETH/USD,378.49,384.48,372.92,379.55,24949.16612,9469456.001
1.60298E+12,10/18/2020 0:00,ETH/USD,368.47,378.85,367.26,378.49,20641.62908,7812650.19
1.60289E+12,10/17/2020 0:00,ETH/USD,365.68,370.64,363.67,368.47,22859.18823,8422925.086
1.60281E+12,10/16/2020 0:00,ETH/USD,377.8,379.99,361.43,365.68,45151.86009,16511132.2
1.60272E+12,10/15/2020 0:00,ETH/USD,379.07,381.93,370.19,377.8,37652.61905,14225159.48
1.60263E+12,10/14/2020 0:00,ETH/USD,381.17,387.64,373.31,379.07,29410.34631,11148579.98
1.60255E+12,10/13/2020 0:00,ETH/USD,386.74,387.98,374.67,381.17,32751.58049,12483919.93
1.60246E+12,10/12/2020 0:00,ETH/USD,374.37,395.08,365.67,386.77,38753.85564,14988828.75
1.60237E+12,10/11/2020 0:00,ETH/USD,370.62,377.66,369.27,374.34,16713.97153,6256708.102
1.60229E+12,10/10/2020 0:00,ETH/USD,365.23,378.57,365.01,370.62,43445.08644,16101617.94
1.6022E+12,10/9/2020 0:00,ETH/USD,351.19,368.48,347.3,365.23,37792.02855,13802782.59
1.60212E+12,10/8/2020 0:00,ETH/USD,341.68,353.36,334.28,351.19,32048.59058,11255144.53
1.60203E+12,10/7/2020 0:00,ETH/USD,340.81,342.8,333.22,341.68,32287.42624,11031967.8
1.60194E+12,10/6/2020 0:00,ETH/USD,353.82,355.32,336.51,340.81,38918.52849,13263823.69
1.60186E+12,10/5/2020 0:00,ETH/USD,352.46,356.33,348.82,353.82,19758.07077,6990800.6
1.60177E+12,10/4/2020 0:00,ETH/USD,346.17,354.43,344.07,352.46,19134.47879,6744138.393
1.60168E+12,10/3/2020 0:00,ETH/USD,345.83,351.03,343.84,346.17,20545.82929,7112349.724
1.6016E+12,10/2/2020 0:00,ETH/USD,352.41,354.35,334.48,345.83,49841.67865,17236747.73
1.60151E+12,10/1/2020 0:00,ETH/USD,359.86,370.02,344.07,352.41,42084.62735,14831043.53
1.60142E+12,9/30/2020 0:00,ETH/USD,359.95,361.62,351.1,359.86,29833.78128,10735984.53
1.60134E+12,9/29/2020 0:00,ETH/USD,353.3,360.73,350.31,359.98,44462.63452,16005659.18
1.60125E+12,9/28/2020 0:00,ETH/USD,357.72,368.08,351.61,353.3,40663.14323,14366288.5
1.60116E+12,9/27/2020 0:00,ETH/USD,354.1,362.21,347.21,357.76,39232.209,14035715.09
1.60108E+12,9/26/2020 0:00,ETH/USD,352.11,356.62,346.12,354.1,69301.47092,24539650.85
1.60099E+12,9/25/2020 0:00,ETH/USD,348.92,358.06,337.58,352.11,38039.31615,13394023.61
1.60091E+12,9/24/2020 0:00,ETH/USD,320.44,353.18,316.73,348.92,39948.13537,13938703.39
1.60082E+12,9/23/2020 0:00,ETH/USD,344.25,344.64,313.2,320.44,40228.78549,12890912.02
1.60073E+12,9/22/2020 0:00,ETH/USD,340.28,346.92,335.45,344.25,33551.60835,11550141.17
1.60065E+12,9/21/2020 0:00,ETH/USD,370.96,376.64,330.77,340.28,46241.04293,15734902.09
1.60056E+12,9/20/2020 0:00,ETH/USD,385.31,385.51,365.22,370.92,25443.45692,9437487.041
1.60047E+12,9/19/2020 0:00,ETH/USD,384.5,388.78,377.04,385.31,27840.73508,10727313.63
1.60039E+12,9/18/2020 0:00,ETH/USD,389.36,392.47,375.46,384.48,42527.75344,16351070.64
1.6003E+12,9/17/2020 0:00,ETH/USD,365.17,394.08,363.15,389.36,40154.04029,15634377.13
1.60021E+12,9/16/2020 0:00,ETH/USD,363.97,373.42,354.35,365.17,32325.80375,11804413.76
1.60013E+12,9/15/2020 0:00,ETH/USD,377.28,382.5,362.52,363.97,42715.04498,15546994.92
1.60004E+12,9/14/2020 0:00,ETH/USD,366.42,384.35,355.84,377.28,34587.70145,13049248
1.59996E+12,9/13/2020 0:00,ETH/USD,387.93,390.35,353.28,366.42,27507.30497,10079226.69
1.59987E+12,9/12/2020 0:00,ETH/USD,373.96,388.43,365.25,387.93,25815.84712,10014741.57
1.59978E+12,9/11/2020 0:00,ETH/USD,367.94,375.35,356.14,373.96,40245.36239,15050155.72
1.5997E+12,9/10/2020 0:00,ETH/USD,350.75,377.62,350.25,367.94,40596.09425,14936926.92
1.59961E+12,9/9/2020 0:00,ETH/USD,337.39,359.29,330.49,350.75,31939.31917,11202716.2
1.59952E+12,9/8/2020 0:00,ETH/USD,353.58,356.82,325.66,337.39,40502.63922,13665185.45
1.59944E+12,9/7/2020 0:00,ETH/USD,353.04,358.54,323.11,353.58,37679.30045,13322647.05
1.59935E+12,9/6/2020 0:00,ETH/USD,335.26,360,316.08,353.04,37706.6618,13311959.88
1.59926E+12,9/5/2020 0:00,ETH/USD,385.64,395,309,335.26,86696.54774,29065884.59
1.59918E+12,9/4/2020 0:00,ETH/USD,382.55,400.92,354.12,385.64,41703.38631,16082493.89
1.59909E+12,9/3/2020 0:00,ETH/USD,440,451.01,368.28,382.55,39498.98606,15110337.12
1.599E+12,9/2/2020 0:00,ETH/USD,475.52,481.58,414,440,42415.51195,18662825.26
1.59892E+12,9/1/2020 0:00,ETH/USD,433.91,489,429.02,475.4,41137.89435,19556954.97
1.59883E+12,8/31/2020 0:00,ETH/USD,429.05,439.34,418.56,433.99,24884.16026,10799476.71
1.59875E+12,8/30/2020 0:00,ETH/USD,398.69,429.87,398.29,429.05,21197.05895,9094598.145
1.59866E+12,8/29/2020 0:00,ETH/USD,395.53,405.9,392.12,398.69,14534.30255,5794681.085
1.59857E+12,8/28/2020 0:00,ETH/USD,383.56,398.45,379.91,395.53,32656.14745,12916486
1.59849E+12,8/27/2020 0:00,ETH/USD,386.01,397.26,371.58,383.56,18036.64735,6918136.456
1.5984E+12,8/26/2020 0:00,ETH/USD,383.26,393.32,377.71,386.01,23094.89329,8914859.758
1.59831E+12,8/25/2020 0:00,ETH/USD,407.92,409.28,370.15,383.26,27865.09024,10679574.48
1.59823E+12,8/24/2020 0:00,ETH/USD,390.91,410.44,387.49,408,22002.71421,8977107.398
1.59814E+12,8/23/2020 0:00,ETH/USD,395.57,397.31,383.65,390.91,19511.6369,7627293.98
1.59805E+12,8/22/2020 0:00,ETH/USD,387.8,397.16,379.53,395.57,36354.16325,14380616.36
1.59797E+12,8/21/2020 0:00,ETH/USD,416.22,419.12,384.09,387.8,42690.88425,16555524.91
1.59788E+12,8/20/2020 0:00,ETH/USD,407.57,419.45,402.34,416.22,9955.428561,4143648.476
1.5978E+12,8/19/2020 0:00,ETH/USD,422.2,426.77,393.12,407.57,19430.50182,7919289.627
1.59771E+12,8/18/2020 0:00,ETH/USD,431.2,434.18,415,422.2,14948.03762,6311061.482
1.59762E+12,8/17/2020 0:00,ETH/USD,433.91,447.7,420.51,431.04,20111.19717,8668730.43
1.59754E+12,8/16/2020 0:00,ETH/USD,432.84,437.04,412.61,433.91,9056.408191,3929666.078
1.59745E+12,8/15/2020 0:00,ETH/USD,438.76,443.36,427.34,432.84,13567.15692,5872408.199
1.59736E+12,8/14/2020 0:00,ETH/USD,425.3,444.48,417.95,438.76,22512.54652,9877604.911
1.59728E+12,8/13/2020 0:00,ETH/USD,387.28,432.04,376.9,425.3,16767.47019,7131205.072
1.59719E+12,8/12/2020 0:00,ETH/USD,378.88,389.42,366.72,387.28,16487.7175,6385363.232
1.5971E+12,8/11/2020 0:00,ETH/USD,395.9,398.52,366.77,378.88,15544.31193,5889428.904
1.59702E+12,8/10/2020 0:00,ETH/USD,390.38,399.99,385.88,395.91,10485.27849,4151226.608
1.59693E+12,8/9/2020 0:00,ETH/USD,397.28,400.47,383.77,390.38,10393.90491,4057572.598
1.59684E+12,8/8/2020 0:00,ETH/USD,379.57,397.53,376.47,397.28,10149.90088,4032352.622
1.59676E+12,8/7/2020 0:00,ETH/USD,395.26,398.62,362.46,379.57,18089.1354,6866093.123
1.59667E+12,8/6/2020 0:00,ETH/USD,401.22,404.12,391.31,395.26,16571.32507,6549981.946
1.59659E+12,8/5/2020 0:00,ETH/USD,389.84,407.66,384.38,401.22,22176.56547,8897681.596
1.5965E+12,8/4/2020 0:00,ETH/USD,386.3,403.21,380.9,389.7,21177.25092,8252774.682
1.59641E+12,8/3/2020 0:00,ETH/USD,372.23,398.32,366.68,386.3,28988.65876,11198318.88
1.59633E+12,8/2/2020 0:00,ETH/USD,387.39,416.06,320,372.23,32994.08878,12281389.67
1.59624E+12,8/1/2020 0:00,ETH/USD,346.73,393.77,295.23,387.39,24950.84756,9665708.836
1.59615E+12,7/31/2020 0:00,ETH/USD,335.25,349.78,328.72,346.73,16205.02678,5618768.935
1.59607E+12,7/30/2020 0:00,ETH/USD,318.15,342.55,314.87,335.24,16767.84611,5621252.729
1.59598E+12,7/29/2020 0:00,ETH/USD,317.3,325.52,312.86,318.04,14180.80762,4510064.057
1.59589E+12,7/28/2020 0:00,ETH/USD,322.31,327.26,306.07,317.3,26992.74443,8564797.808
1.59581E+12,7/27/2020 0:00,ETH/USD,311.31,334.01,307,322.31,37128.03889,11966738.22
1.59572E+12,7/26/2020 0:00,ETH/USD,305.53,320.77,298.04,311.31,26353.41305,8204081.015
1.59564E+12,7/25/2020 0:00,ETH/USD,279.49,309.14,279.49,305.53,22934.54976,7007192.987
1.59555E+12,7/24/2020 0:00,ETH/USD,275.57,287.77,268.12,279.49,16484.72146,4607314.802
1.59546E+12,7/23/2020 0:00,ETH/USD,264.3,280.43,260.14,275.57,18815.98617,5185121.308
1.59538E+12,7/22/2020 0:00,ETH/USD,245.81,269.59,241.48,264.3,17903.38902,4731865.718
1.59529E+12,7/21/2020 0:00,ETH/USD,236.03,246.96,235.63,245.81,21049.44967,5174165.223
1.5952E+12,7/20/2020 0:00,ETH/USD,239.19,239.78,234.2,236.03,13126.09078,3098151.208
1.59512E+12,7/19/2020 0:00,ETH/USD,235.74,239.86,233.33,239.19,7953.277187,1902344.37
1.59503E+12,7/18/2020 0:00,ETH/USD,232.6,236.97,232.31,235.75,8739.032603,2060226.936
1.59494E+12,7/17/2020 0:00,ETH/USD,233.43,234.55,231.46,232.6,9571.313764,2226287.581
1.59486E+12,7/16/2020 0:00,ETH/USD,238.45,239.21,225.81,233.43,24015.24756,5605879.239
1.59477E+12,7/15/2020 0:00,ETH/USD,240.46,241.49,236.65,238.45,10688.5277,2548679.43
1.59468E+12,7/14/2020 0:00,ETH/USD,239.37,242.11,236.95,240.42,9264.311803,2227325.844
1.5946E+12,7/13/2020 0:00,ETH/USD,242.87,245.24,237.29,239.37,14431.78473,3454536.31
1.59451E+12,7/12/2020 0:00,ETH/USD,239.14,243.93,236.46,242.87,12862.1865,3123839.236
1.59443E+12,7/11/2020 0:00,ETH/USD,241.26,241.6,237.58,239.14,5399.21166,1291167.476
1.59434E+12,7/10/2020 0:00,ETH/USD,242.05,242.2,235.39,241.26,6554.397248,1581313.88
1.59425E+12,7/9/2020 0:00,ETH/USD,247.03,247.69,237.73,242.05,11243.15718,2721406.195
1.59417E+12,7/8/2020 0:00,ETH/USD,239.38,249.18,237.89,247.03,32570.31116,8045843.965
1.59408E+12,7/7/2020 0:00,ETH/USD,241.73,243.62,234.58,239.38,11442.40682,2739083.344
1.59399E+12,7/6/2020 0:00,ETH/USD,227.66,242.07,227.03,241.75,17950.67008,4339574.492
1.59391E+12,7/5/2020 0:00,ETH/USD,229.32,229.94,223.21,227.66,12875.62643,2931265.114
1.59382E+12,7/4/2020 0:00,ETH/USD,224.83,230.76,224.51,229.32,8307.794426,1905143.418
1.59373E+12,7/3/2020 0:00,ETH/USD,226.45,228.18,224.25,224.83,10782.75183,2424286.095
1.59365E+12,7/2/2020 0:00,ETH/USD,231.19,232.21,222.93,226.45,16628.55683,3765536.695
1.59356E+12,7/1/2020 0:00,ETH/USD,225.55,232.68,224.08,231.19,12724.80956,2941848.722
1.59348E+12,6/30/2020 0:00,ETH/USD,227.92,228.68,222.86,225.55,6279.425218,1416324.358
1.59339E+12,6/29/2020 0:00,ETH/USD,224.92,229.91,221.03,227.83,7832.497621,1784477.933
1.5933E+12,6/28/2020 0:00,ETH/USD,220.7,227.74,217.78,224.89,6724.135564,1512190.847
1.59322E+12,6/27/2020 0:00,ETH/USD,229.49,231.11,215.66,220.7,19943.84483,4401606.553
1.59313E+12,6/26/2020 0:00,ETH/USD,232.35,233.34,227.21,229.49,11939.34384,2739960.017
1.59304E+12,6/25/2020 0:00,ETH/USD,234.18,235.18,227.21,232.35,10080.30584,2342159.063
1.59296E+12,6/24/2020 0:00,ETH/USD,243.07,249.17,230.66,234.18,16454.28647,3853264.807
1.59287E+12,6/23/2020 0:00,ETH/USD,243.17,244.98,240.72,243.07,6116.713725,1486789.605
1.59278E+12,6/22/2020 0:00,ETH/USD,227.76,247,227.24,243.17,17356.79885,4220652.777
1.5927E+12,6/21/2020 0:00,ETH/USD,228.86,231.29,226.95,227.76,8065.92106,1837094.181
1.59261E+12,6/20/2020 0:00,ETH/USD,228.73,230.6,225.34,228.8,5987.778285,1370003.672
1.59252E+12,6/19/2020 0:00,ETH/USD,231.01,231.8,226.24,228.73,10744.35829,2457557.071
1.59244E+12,6/18/2020 0:00,ETH/USD,233.6,234.45,227.74,231.09,4524.316875,1045524.387
1.59235E+12,6/17/2020 0:00,ETH/USD,235.3,237.14,227.45,233.6,29194.04231,6819728.285
1.59227E+12,6/16/2020 0:00,ETH/USD,230.94,236,228.76,235.3,8241.056435,1939120.579
1.59218E+12,6/15/2020 0:00,ETH/USD,231.51,233.63,217.85,230.94,14720.14072,3399469.298
1.59209E+12,6/14/2020 0:00,ETH/USD,238.15,238.52,229.8,231.51,7106.791418,1645293.281
1.59201E+12,6/13/2020 0:00,ETH/USD,237.56,238.76,234.58,238.12,4314.981781,1027483.462
1.59192E+12,6/12/2020 0:00,ETH/USD,230.25,239.37,228.06,237.6,7405.47278,1759540.333
1.59183E+12,6/11/2020 0:00,ETH/USD,248.03,250.35,225.57,230.25,21421.51248,4932303.249
1.59175E+12,6/10/2020 0:00,ETH/USD,243.91,250.48,236.96,248.03,11008.75092,2730500.491
1.59166E+12,6/9/2020 0:00,ETH/USD,246.5,249.98,237.25,243.91,10951.33935,2671141.181
1.59157E+12,6/8/2020 0:00,ETH/USD,244.78,247.94,240.85,246.5,6160.838691,1518646.737
1.59149E+12,6/7/2020 0:00,ETH/USD,242.01,245.65,234.67,244.78,18332.11599,4487335.351
1.5914E+12,6/6/2020 0:00,ETH/USD,240,244.62,237.67,242.01,15058.87832,3644399.141
1.59132E+12,6/5/2020 0:00,ETH/USD,243.24,247.94,238.96,239.91,25753.9652,6178633.791
1.59123E+12,6/4/2020 0:00,ETH/USD,244.65,246.69,236.19,243.24,29801.49722,7248916.183
1.59114E+12,6/3/2020 0:00,ETH/USD,237.57,245.28,233.31,244.65,13015.19588,3184167.671
1.59106E+12,6/2/2020 0:00,ETH/USD,248.4,253.65,222.1,237.57,27477.44871,6527817.491
1.59097E+12,6/1/2020 0:00,ETH/USD,231.42,251.32,230.56,248.4,37713.67449,9368076.743
1.59088E+12,5/31/2020 0:00,ETH/USD,243.7,245.3,229.26,231.42,61276.74971,14180665.42
1.5908E+12,5/30/2020 0:00,ETH/USD,220.48,247.13,218.76,243.7,39941.11047,9733648.622
1.59071E+12,5/29/2020 0:00,ETH/USD,220.3,224.73,217.47,220.48,21639.32596,4771038.588
1.59062E+12,5/28/2020 0:00,ETH/USD,208.41,220.57,204.69,220.24,19385.72573,4269512.234
1.59054E+12,5/27/2020 0:00,ETH/USD,200.99,208.48,200.79,208.42,14248.2559,2969621.494
1.59045E+12,5/26/2020 0:00,ETH/USD,204.1,205.01,196.79,200.99,16592.54348,3334935.313
1.59036E+12,5/25/2020 0:00,ETH/USD,199.76,205.65,198.18,204.1,5929.174362,1210144.487
1.59028E+12,5/24/2020 0:00,ETH/USD,206.62,210.58,199.46,199.9,19822.23851,3962465.479
1.59019E+12,5/23/2020 0:00,ETH/USD,207.29,211.28,204.7,206.62,9582.645556,1979966.225
1.59011E+12,5/22/2020 0:00,ETH/USD,198.6,209.17,196.11,207.29,8002.185563,1658773.045
1.59002E+12,5/21/2020 0:00,ETH/USD,209.95,211.61,191.28,198.6,27130.03853,5388025.652
1.58993E+12,5/20/2020 0:00,ETH/USD,214.69,215.57,205.3,209.95,24658.52683,5177057.708
1.58985E+12,5/19/2020 0:00,ETH/USD,214.79,215.99,209.3,214.69,22672.94315,4867654.165
1.58976E+12,5/18/2020 0:00,ETH/USD,206.96,217.05,206.96,214.79,78874.15478,16941379.71
1.58967E+12,5/17/2020 0:00,ETH/USD,200.51,209.92,199.67,206.96,54191.59363,11215492.22
1.58959E+12,5/16/2020 0:00,ETH/USD,194.68,203.45,193.15,200.51,88203.85766,17685755.5
1.5895E+12,5/15/2020 0:00,ETH/USD,203.45,204.18,191.38,194.68,42743.6986,8321343.243
1.58941E+12,5/14/2020 0:00,ETH/USD,199.78,206.12,195.81,203.45,24955.99164,5077296.498
1.58933E+12,5/13/2020 0:00,ETH/USD,189.8,201.25,188.57,199.79,14559.37262,2908817.056
1.58924E+12,5/12/2020 0:00,ETH/USD,186.18,192.29,185.9,189.8,6778.429281,1286545.878
1.58916E+12,5/11/2020 0:00,ETH/USD,187.82,193.62,175,186.18,12367.21592,2302528.261
1.58907E+12,5/10/2020 0:00,ETH/USD,210.22,210.22,180.14,187.82,41849.81074,7860231.454
1.58898E+12,5/9/2020 0:00,ETH/USD,211.62,214.84,208.6,210.22,4615.558987,970282.8103
1.5889E+12,5/8/2020 0:00,ETH/USD,212.32,216.87,207.37,211.62,4360.084885,922681.1633
1.58881E+12,5/7/2020 0:00,ETH/USD,199.16,215.6,196.82,212.32,19379.71868,4114701.869
1.58872E+12,5/6/2020 0:00,ETH/USD,205.43,211.14,198.24,199.16,8593.894027,1711559.934
1.58864E+12,5/5/2020 0:00,ETH/USD,206.9,212,201.49,205.43,8581.588438,1762915.713
1.58855E+12,5/4/2020 0:00,ETH/USD,210.04,210.79,195.25,206.9,8523.093125,1763427.968
1.58846E+12,5/3/2020 0:00,ETH/USD,214.04,219.29,205.27,210.04,15800.21122,3318676.365
1.58838E+12,5/2/2020 0:00,ETH/USD,212.12,215.54,210.59,214.04,8584.309374,1837385.578
1.58829E+12,5/1/2020 0:00,ETH/USD,206.02,217.41,205.97,212.12,7656.331188,1624060.972
1.5882E+12,4/30/2020 0:00,ETH/USD,215.79,227.45,202.23,205.96,64200.80238,13222797.26
1.58812E+12,4/29/2020 0:00,ETH/USD,196.83,219.51,196.65,215.79,18859.87249,4069771.884
1.58803E+12,4/28/2020 0:00,ETH/USD,196.75,197.91,192.78,196.74,7314.786029,1439111.003
1.58795E+12,4/27/2020 0:00,ETH/USD,197.71,199.31,189.94,196.75,14299.64759,2813455.663
1.58786E+12,4/26/2020 0:00,ETH/USD,194.45,200.16,192.54,197.71,83809.2493,16569926.68
1.58777E+12,4/25/2020 0:00,ETH/USD,187.75,198.43,185.93,194.45,132134.0233,25693460.82
1.58769E+12,4/24/2020 0:00,ETH/USD,185.56,189.94,184.82,187.75,43100.52315,8092123.221
1.5876E+12,4/23/2020 0:00,ETH/USD,183.01,194.45,178.35,185.56,46610.20281,8648989.234
1.58751E+12,4/22/2020 0:00,ETH/USD,171.01,184.33,170.08,183.01,7390.753538,1352581.805
1.58743E+12,4/21/2020 0:00,ETH/USD,170.45,174.94,168.43,171.01,17929.81055,3066176.902
1.58734E+12,4/20/2020 0:00,ETH/USD,180.24,186.73,166.74,170.45,15179.71937,2587383.166
1.58725E+12,4/19/2020 0:00,ETH/USD,187.71,188.52,176.51,180.24,7011.782879,1263803.746
1.58717E+12,4/18/2020 0:00,ETH/USD,170.82,189.75,170.72,187.71,13156.20801,2469551.805
1.58708E+12,4/17/2020 0:00,ETH/USD,172.61,175.1,164.16,170.82,12623.01604,2156263.599
1.587E+12,4/16/2020 0:00,ETH/USD,152.79,175.2,148.46,172.61,16650.14432,2873981.411
1.58691E+12,4/15/2020 0:00,ETH/USD,158.57,161.5,151.99,152.79,11081.05082,1693073.755
1.58682E+12,4/14/2020 0:00,ETH/USD,156.78,162.13,155.62,158.57,7408.242997,1174725.092
1.58674E+12,4/13/2020 0:00,ETH/USD,158.85,159.37,149.6,156.78,18287.81042,2867162.917
1.58665E+12,4/12/2020 0:00,ETH/USD,158.58,165.39,155.32,158.85,15006.98945,2383860.275
1.58656E+12,4/11/2020 0:00,ETH/USD,157.97,161.45,154.16,158.58,8327.732709,1320611.853
1.58648E+12,4/10/2020 0:00,ETH/USD,169.73,170.28,152.5,158,15489.47218,2447336.605
1.58639E+12,4/9/2020 0:00,ETH/USD,173.34,173.61,165.33,169.79,3042.014785,516503.6903
1.5863E+12,4/8/2020 0:00,ETH/USD,164.62,174.53,163.69,173.34,7385.458432,1280195.365
1.58622E+12,4/7/2020 0:00,ETH/USD,171.5,176.37,162.06,164.62,18317.73925,3015466.235
1.58613E+12,4/6/2020 0:00,ETH/USD,142.84,172.03,142.79,171.43,13824.36926,2369911.622
1.58604E+12,4/5/2020 0:00,ETH/USD,144.5,145.83,140.88,142.83,3987.806357,569578.382
1.58596E+12,4/4/2020 0:00,ETH/USD,141.42,146.71,139.12,144.5,1778.568927,257003.21
1.58587E+12,4/3/2020 0:00,ETH/USD,141.41,146.88,138,141.42,11819.07218,1671453.187
1.58579E+12,4/2/2020 0:00,ETH/USD,136.16,150.46,135.6,141.44,23678.96614,3349152.971
1.5857E+12,4/1/2020 0:00,ETH/USD,133.02,137.22,128.78,136.14,6714.157453,914065.3956
1.58561E+12,3/31/2020 0:00,ETH/USD,132.33,135.42,130.53,133.09,5089.436726,677353.1338
1.58553E+12,3/30/2020 0:00,ETH/USD,124.38,135.69,124.04,132.33,3540.617245,468529.8801
1.58544E+12,3/29/2020 0:00,ETH/USD,131.4,132.1,123.6,124.38,7835.345942,974560.3283
1.58535E+12,3/28/2020 0:00,ETH/USD,131.39,133.2,124.94,131.44,11436.04929,1503154.319
1.58527E+12,3/27/2020 0:00,ETH/USD,138.97,141.9,128.78,131.39,9527.374429,1251801.726
1.58518E+12,3/26/2020 0:00,ETH/USD,136.4,140.16,133.48,138.97,11863.48196,1648668.088
1.58509E+12,3/25/2020 0:00,ETH/USD,138.93,142.83,132.26,136.27,3215.792836,438216.0897
1.58501E+12,3/24/2020 0:00,ETH/USD,136.56,144.02,133.08,138.96,7511.212289,1043758.06
1.58492E+12,3/23/2020 0:00,ETH/USD,122.32,138.07,118.8,136.56,11882.06385,1622614.639
1.58484E+12,3/22/2020 0:00,ETH/USD,132.69,137.42,120.95,122.32,3490.083073,426906.9615
1.58475E+12,3/21/2020 0:00,ETH/USD,133.53,137.57,125.85,132.69,6674.57692,885649.6115
1.58466E+12,3/20/2020 0:00,ETH/USD,136.83,153.4,115.47,133.53,32010.34495,4274341.361
1.58458E+12,3/19/2020 0:00,ETH/USD,118.56,143.75,115.86,136.91,11291.56652,1545928.372
1.58449E+12,3/18/2020 0:00,ETH/USD,116.29,118.99,110.27,118.56,17505.862,2075494.999
1.5844E+12,3/17/2020 0:00,ETH/USD,111.05,121.26,109.48,116.29,12598.68891,1465101.534
1.58432E+12,3/16/2020 0:00,ETH/USD,123.5,123.88,100.67,111.05,28530.76046,3168340.949
1.58423E+12,3/15/2020 0:00,ETH/USD,122.48,133.91,120.11,123.5,25226.41446,3115462.186
1.58414E+12,3/14/2020 0:00,ETH/USD,135.67,136.32,120.97,122.35,23079.28742,2823750.816
1.58406E+12,3/13/2020 0:00,ETH/USD,108.95,146.43,87.69,135.67,71029.70613,9636600.231
1.58397E+12,3/12/2020 0:00,ETH/USD,194.82,195.58,100.56,108.95,108212.4119,11789742.28
1.58388E+12,3/11/2020 0:00,ETH/USD,200.6,202.95,181.45,194.82,16237.93324,3163474.155
1.5838E+12,3/10/2020 0:00,ETH/USD,202.73,206.33,195.69,200.46,7282.817511,1459913.598
1.58371E+12,3/9/2020 0:00,ETH/USD,199.48,208.56,189.92,202.73,23827.59038,4830567.398
1.58363E+12,3/8/2020 0:00,ETH/USD,237.49,237.49,195.31,199.45,25443.84456,5074774.797
1.58354E+12,3/7/2020 0:00,ETH/USD,245.55,252.47,236.66,237.49,12972.94611,3080944.973
1.58345E+12,3/6/2020 0:00,ETH/USD,228.71,245.84,227.47,245.55,7349.212886,1804599.224
1.58337E+12,3/5/2020 0:00,ETH/USD,224.3,234.36,224.3,228.71,5296.059803,1211261.838
1.58328E+12,3/4/2020 0:00,ETH/USD,223.67,228.74,220.34,224.36,7285.618561,1634601.38
1.58319E+12,3/3/2020 0:00,ETH/USD,232.21,232.74,220.12,223.67,5709.157897,1276967.347
1.58311E+12,3/2/2020 0:00,ETH/USD,217.47,234.41,215.83,232.09,4431.445372,1028494.156
1.58302E+12,3/1/2020 0:00,ETH/USD,217.18,227.91,212.29,217.47,3956.931093,860513.8049
1.58293E+12,2/29/2020 0:00,ETH/USD,227.03,233.28,216.86,217.32,4152.857175,902498.9213
1.58285E+12,2/28/2020 0:00,ETH/USD,227.7,234.52,213.65,227.09,5245.654054,1191235.579
1.58276E+12,2/27/2020 0:00,ETH/USD,223.75,238.16,209.9,227.7,15762.68495,3589163.363
1.58268E+12,2/26/2020 0:00,ETH/USD,246.31,250.03,215.22,223.68,22392.59645,5008775.974
1.58259E+12,2/25/2020 0:00,ETH/USD,265.71,266.26,244.34,246.32,12159.45268,2995116.383
1.5825E+12,2/24/2020 0:00,ETH/USD,275.61,277.99,257.17,265.76,14043.43638,3732183.652
1.58242E+12,2/23/2020 0:00,ETH/USD,261.94,276.61,261.47,275.55,3688.673205,1016413.902
1.58233E+12,2/22/2020 0:00,ETH/USD,265.85,267.15,256.59,261.94,1734.458555,454324.0739
1.58224E+12,2/21/2020 0:00,ETH/USD,257.36,268.54,254.17,265.85,4707.739099,1251552.44
1.58216E+12,2/20/2020 0:00,ETH/USD,258.33,264.19,245.82,257.36,15094.50349,3884721.419
1.58207E+12,2/19/2020 0:00,ETH/USD,283.47,287.22,248.92,258.45,15804.66153,4084714.774
1.58198E+12,2/18/2020 0:00,ETH/USD,267.81,286.4,259.33,283.4,4297.708466,1217970.579
1.5819E+12,2/17/2020 0:00,ETH/USD,258.68,268.54,242.52,267.76,5024.213761,1345283.477
1.58181E+12,2/16/2020 0:00,ETH/USD,264.93,274.06,237.43,259.21,4368.557363,1132373.754
1.58172E+12,2/15/2020 0:00,ETH/USD,285.78,289.17,261.9,264.97,3874.08452,1026516.175
1.58164E+12,2/14/2020 0:00,ETH/USD,268.31,286.24,260.16,285.8,2882.372301,823782.0035
1.58155E+12,2/13/2020 0:00,ETH/USD,266.42,277.83,256.15,268.26,5003.142645,1342143.046
1.58147E+12,2/12/2020 0:00,ETH/USD,237.81,275.77,237.81,266.36,8673.696915,2310325.91
1.58138E+12,2/11/2020 0:00,ETH/USD,222.92,239.69,218.08,237.81,5925.928972,1409245.169
1.58129E+12,2/10/2020 0:00,ETH/USD,228.82,229.72,216.36,222.95,3507.55622,782009.6592
1.58121E+12,2/9/2020 0:00,ETH/USD,223.32,230.96,223.21,228.82,3148.85443,720520.8707
1.58112E+12,2/8/2020 0:00,ETH/USD,223.28,227.93,213.2,223.37,4667.290919,1042532.773
1.58103E+12,2/7/2020 0:00,ETH/USD,212.95,224.32,212.95,223.28,5830.060169,1301735.834
1.58095E+12,2/6/2020 0:00,ETH/USD,203.77,216.14,201,212.95,3143.851342,669483.1432
1.58086E+12,2/5/2020 0:00,ETH/USD,188.26,207.61,187.64,203.75,3486.460604,710366.348
1.58077E+12,2/4/2020 0:00,ETH/USD,189.54,191.4,184.44,188.26,5119.075361,963717.1274
1.58069E+12,2/3/2020 0:00,ETH/USD,188.26,195.24,186.58,189.54,4330.255266,820756.5832
1.5806E+12,2/2/2020 0:00,ETH/USD,183.63,193.59,179.12,188.26,2598.952414,489278.7815
1.58052E+12,2/1/2020 0:00,ETH/USD,179.67,184.02,178.98,183.63,1729.940747,317669.0193
1.58043E+12,1/31/2020 0:00,ETH/USD,184.56,185.59,174.81,179.69,1757.370038,315781.8222
1.58034E+12,1/30/2020 0:00,ETH/USD,173.41,186.87,170.59,184.51,14186.41413,2617535.271
1.58026E+12,1/29/2020 0:00,ETH/USD,175.82,178.36,173.19,173.38,6708.146822,1163058.496
1.58017E+12,1/28/2020 0:00,ETH/USD,169.82,176.32,169.82,175.97,6203.434697,1091618.404
1.58008E+12,1/27/2020 0:00,ETH/USD,167.48,171.65,165,169.82,3174.098704,539025.442
1.58E+12,1/26/2020 0:00,ETH/USD,160.06,167.59,159.21,167.48,540.1588634,90465.80645
1.57991E+12,1/25/2020 0:00,ETH/USD,162.37,162.38,157.45,160.12,815.8369606,130631.8141
1.57982E+12,1/24/2020 0:00,ETH/USD,162.53,164.23,155.21,162.37,3111.422906,505201.7373
1.57974E+12,1/23/2020 0:00,ETH/USD,167.62,167.74,158.9,162.53,2585.517603,420224.1761
1.57965E+12,1/22/2020 0:00,ETH/USD,169.19,171.01,165.69,167.62,2109.695669,353627.1881
1.57956E+12,1/21/2020 0:00,ETH/USD,166.65,170.01,164.73,169.16,1501.548342,254001.9176
1.57948E+12,1/20/2020 0:00,ETH/USD,166.74,169.15,161.18,166.59,1048.572574,174681.7051
1.57939E+12,1/19/2020 0:00,ETH/USD,174.04,177.93,161.72,166.74,2671.227184,445400.4206
1.57931E+12,1/18/2020 0:00,ETH/USD,169.62,179.23,165.1,174.04,1340.101998,233231.3517
1.57922E+12,1/17/2020 0:00,ETH/USD,164.12,174.17,162.1,169.66,1393.137258,236359.6673
1.57913E+12,1/16/2020 0:00,ETH/USD,166.15,167.13,158.51,164.07,1157.186373,189859.5682
1.57905E+12,1/15/2020 0:00,ETH/USD,165.65,171.68,159.15,166.15,3681.591556,611696.4371
1.57896E+12,1/14/2020 0:00,ETH/USD,143.61,170.93,143.5,165.88,8603.799219,1427198.215
1.57887E+12,1/13/2020 0:00,ETH/USD,146.38,146.83,142.18,143.57,1105.847852,158766.5762
1.57879E+12,1/12/2020 0:00,ETH/USD,142.48,146.48,141.86,146.35,876.9282999,128338.4567
1.5787E+12,1/11/2020 0:00,ETH/USD,144.82,147.92,142.07,142.39,1465.737979,208706.4308
1.57861E+12,1/10/2020 0:00,ETH/USD,137.71,145.05,135.29,144.79,1706.08104,247023.4737
1.57853E+12,1/9/2020 0:00,ETH/USD,140.71,141.46,135.39,137.69,1346.358316,185380.0765
1.57844E+12,1/8/2020 0:00,ETH/USD,142.98,147.9,137.13,140.61,2451.641184,344725.2669
1.57836E+12,1/7/2020 0:00,ETH/USD,144.23,145.25,139.02,143.01,4932.944473,705460.3891
1.57827E+12,1/6/2020 0:00,ETH/USD,135.18,144.44,134.72,144.22,1226.554716,176893.7211
1.57818E+12,1/5/2020 0:00,ETH/USD,134.08,138.05,134.08,135.18,899.9818845,121659.5511
1.5781E+12,1/4/2020 0:00,ETH/USD,134.19,135.57,132.32,134.08,460.0238649,61679.9998
1.57801E+12,1/3/2020 0:00,ETH/USD,126.73,134.8,125.53,134.26,2983.502235,400565.0101
1.57792E+12,1/2/2020 0:00,ETH/USD,130.1,130.13,126.02,126.73,617.8758767,78303.40985
1.57784E+12,1/1/2020 0:00,ETH/USD,128.59,132.5,128.16,130.1,305.4185756,39734.95669
1.57775E+12,12/31/2019 0:00,ETH/USD,131.12,133.26,127.7,128.59,674.2708444,86704.48788
1.57766E+12,12/30/2019 0:00,ETH/USD,134.21,135.68,129.9,131.12,868.9256912,113933.5366
1.57758E+12,12/29/2019 0:00,ETH/USD,127.8,137.79,127.33,134.22,936.1446578,125649.336
1.57749E+12,12/28/2019 0:00,ETH/USD,126.17,129.33,125.72,127.8,911.5383198,116494.5973
1.5774E+12,12/27/2019 0:00,ETH/USD,125.3,126.63,122.38,126.14,159.7576642,20151.83176
1.57732E+12,12/26/2019 0:00,ETH/USD,124.86,131.86,124.06,125.3,437.8458369,54862.08336
1.57723E+12,12/25/2019 0:00,ETH/USD,127.66,127.73,123.19,124.86,1745.706196,217968.8756
1.57715E+12,12/24/2019 0:00,ETH/USD,127.79,129.5,126.62,127.66,1159.900279,148072.8696
1.57706E+12,12/23/2019 0:00,ETH/USD,132.33,135.18,126.1,127.74,3535.740072,451655.4368
1.57697E+12,12/22/2019 0:00,ETH/USD,127.12,133.05,126.94,132.28,1497.978954,198152.656
1.57689E+12,12/21/2019 0:00,ETH/USD,128.17,128.33,126.58,127.12,1172.983776,149109.6976
1.5768E+12,12/20/2019 0:00,ETH/USD,128.15,129.36,125.71,128.17,3509.21103,449775.5778
1.57671E+12,12/19/2019 0:00,ETH/USD,132.93,133.9,125.71,128.15,3881.99748,497477.977
1.57663E+12,12/18/2019 0:00,ETH/USD,121.76,134.48,116.22,132.93,3281.591386,436221.9429
1.57654E+12,12/17/2019 0:00,ETH/USD,132.36,132.54,119.56,121.78,5887.660688,716999.3185
1.57645E+12,12/16/2019 0:00,ETH/USD,142.3,142.48,129.27,132.36,13649.35911,1806629.172
1.57637E+12,12/15/2019 0:00,ETH/USD,141.76,143.75,139.86,142.3,982.2964079,139780.7789
1.57628E+12,12/14/2019 0:00,ETH/USD,144.64,144.94,141.15,141.76,438.0133771,62092.77634
1.5762E+12,12/13/2019 0:00,ETH/USD,144.66,145.12,142.77,144.64,752.3129545,108814.5457
1.57611E+12,12/12/2019 0:00,ETH/USD,143.19,145.63,139.13,144.66,906.5502079,131141.5531
1.57602E+12,12/11/2019 0:00,ETH/USD,145.47,146.16,142.06,143.19,845.8034575,121110.5971
1.57594E+12,12/10/2019 0:00,ETH/USD,147.12,147.85,143.72,145.48,275.395986,40064.60804
1.57585E+12,12/9/2019 0:00,ETH/USD,150.65,151.27,146.69,147.12,93.93255669,13819.35774
1.57576E+12,12/8/2019 0:00,ETH/USD,147.36,151.81,146.32,150.65,74.51417969,11225.56117
1.57568E+12,12/7/2019 0:00,ETH/USD,148.75,149.67,147.05,147.36,329.6711517,48580.34092
1.57559E+12,12/6/2019 0:00,ETH/USD,148.14,149.75,146.07,148.75,1250.699919,186041.613
1.5755E+12,12/5/2019 0:00,ETH/USD,145.45,148.92,143.88,148.13,1997.904738,295949.6288
1.57542E+12,12/4/2019 0:00,ETH/USD,147.29,152.18,143.21,145.45,1521.182936,221256.058
1.57533E+12,12/3/2019 0:00,ETH/USD,148.78,150.01,145.79,147.29,1068.571739,157389.9314
1.57524E+12,12/2/2019 0:00,ETH/USD,150.85,151.44,146.81,148.78,911.3992121,135597.9748
1.57516E+12,12/1/2019 0:00,ETH/USD,151.56,152.44,145.98,150.85,864.0369043,130339.967
1.57507E+12,11/30/2019 0:00,ETH/USD,154.84,155.5,149.96,151.62,745.1529427,112980.0892
1.57499E+12,11/29/2019 0:00,ETH/USD,150.95,157.87,150.49,154.84,1645.064933,254721.8542
1.5749E+12,11/28/2019 0:00,ETH/USD,152.93,154.8,149.31,150.95,3425.976957,517151.2217
1.57481E+12,11/27/2019 0:00,ETH/USD,147.65,155.81,141.02,152.9,1146.38568,175282.3705
1.57473E+12,11/26/2019 0:00,ETH/USD,146.01,149.91,143.64,147.65,3909.640811,577258.4657
1.57464E+12,11/25/2019 0:00,ETH/USD,139.97,151.5,131.83,146.04,5521.680189,806386.1748
1.57455E+12,11/24/2019 0:00,ETH/USD,152.06,153,138.64,139.96,679.5142929,95104.82044
1.57447E+12,11/23/2019 0:00,ETH/USD,149.81,154.3,146.46,152.06,725.4884196,110317.7691
1.57438E+12,11/22/2019 0:00,ETH/USD,160.78,162.52,137.58,149.81,19850.78137,2973845.557
1.57429E+12,11/21/2019 0:00,ETH/USD,174.34,175.49,155.79,160.78,3062.642997,492411.741
1.57421E+12,11/20/2019 0:00,ETH/USD,175.75,177.23,173.21,174.34,757.4240361,132049.3065
1.57412E+12,11/19/2019 0:00,ETH/USD,177.83,178.03,172.31,175.75,1126.703183,198018.0844
1.57404E+12,11/18/2019 0:00,ETH/USD,183.68,183.71,173.9,177.83,1014.157676,180347.6595
1.57395E+12,11/17/2019 0:00,ETH/USD,182.05,185.95,179.96,183.68,1170.665865,215027.9061
1.57386E+12,11/16/2019 0:00,ETH/USD,179.58,183.06,179.01,182.05,240.0213936,43695.8947
1.57378E+12,11/15/2019 0:00,ETH/USD,184.49,186.06,177.16,179.58,1041.510424,187034.4419
1.57369E+12,11/14/2019 0:00,ETH/USD,187.72,188.28,182.65,184.49,1202.46157,221842.1351
1.5736E+12,11/13/2019 0:00,ETH/USD,186.89,189.33,185.13,187.72,533.7071484,100187.5059
1.57352E+12,11/12/2019 0:00,ETH/USD,184.59,187.11,182.1,186.88,783.8487034,146485.6457
1.57343E+12,11/11/2019 0:00,ETH/USD,188.73,189.96,183.86,184.59,472.9735812,87306.19335
1.57334E+12,11/10/2019 0:00,ETH/USD,184.75,192.76,183.2,188.73,576.4532364,108794.0193
1.57326E+12,11/9/2019 0:00,ETH/USD,183.38,185.48,182.51,184.75,319.2378907,58979.2003
1.57317E+12,11/8/2019 0:00,ETH/USD,186.3,187.95,180.45,183.38,505.6563216,92727.25626
1.57308E+12,11/7/2019 0:00,ETH/USD,191.02,192.03,184.38,186.32,380.5198076,70898.45055
1.573E+12,11/6/2019 0:00,ETH/USD,188.73,194.36,187.84,190.97,357.1971866,68213.94672
1.57291E+12,11/5/2019 0:00,ETH/USD,186.08,192.41,180.09,188.77,1287.163799,242977.9104
1.57283E+12,11/4/2019 0:00,ETH/USD,181.55,189.47,180.45,186.08,1135.909934,211370.1204
1.57274E+12,11/3/2019 0:00,ETH/USD,183.09,184.81,178.94,181.53,877.0434746,159209.702
1.57265E+12,11/2/2019 0:00,ETH/USD,183.26,186.04,181.86,183.09,230.4559128,42194.17308
1.57257E+12,11/1/2019 0:00,ETH/USD,182.32,184.92,176.9,183.26,193.9370239,35540.899
1.57248E+12,10/31/2019 0:00,ETH/USD,183.41,185.58,178.14,182.32,485.7969821,88570.50577
1.57239E+12,10/30/2019 0:00,ETH/USD,191.07,192.2,180,183.43,1720.059064,315510.4341
1.57231E+12,10/29/2019 0:00,ETH/USD,182.04,193.08,181.75,191.09,1968.440772,376149.3471
1.57222E+12,10/28/2019 0:00,ETH/USD,184.27,190.14,180.95,181.98,686.359689,124903.7362
1.57213E+12,10/27/2019 0:00,ETH/USD,180.03,189.14,176.94,184.22,559.840108,103133.7447
1.57205E+12,10/26/2019 0:00,ETH/USD,181.66,191.75,174.2,180.03,725.0147109,130524.3984
1.57196E+12,10/25/2019 0:00,ETH/USD,160.59,187.56,160.53,181.66,3636.179365,660548.3435
1.57188E+12,10/24/2019 0:00,ETH/USD,162.37,169.25,159.13,160.61,411.4637299,66085.18966
1.57179E+12,10/23/2019 0:00,ETH/USD,171.25,171.44,152.96,162.35,10347.95911,1679991.161
1.5717E+12,10/22/2019 0:00,ETH/USD,174.25,175.28,170.57,171.27,466.0051275,79812.69819
1.57162E+12,10/21/2019 0:00,ETH/USD,175.47,178.01,171.8,174.33,735.5038182,128220.3806
1.57153E+12,10/20/2019 0:00,ETH/USD,172.01,176.73,169.29,175.47,233.6896946,41005.53072
1.57144E+12,10/19/2019 0:00,ETH/USD,172.96,175,169.86,172.01,452.5187784,77837.75508
1.57136E+12,10/18/2019 0:00,ETH/USD,177.19,177.38,168.46,172.96,1123.716809,194358.0593
1.57127E+12,10/17/2019 0:00,ETH/USD,174.47,178.9,172.68,177.19,1463.856117,259380.6653
1.57118E+12,10/16/2019 0:00,ETH/USD,180.49,181.17,171.85,174.47,920.543572,160607.237
1.5711E+12,10/15/2019 0:00,ETH/USD,186.82,188.45,177.23,180.49,1073.97481,193841.7135
1.57101E+12,10/14/2019 0:00,ETH/USD,181.03,187.72,180.56,186.82,700.0614868,130785.487
1.57092E+12,10/13/2019 0:00,ETH/USD,179.71,184.66,178.76,181.03,215.0910684,38937.93611
1.57084E+12,10/12/2019 0:00,ETH/USD,180.83,184.74,177.83,179.71,54.83627589,9854.62714
1.57075E+12,10/11/2019 0:00,ETH/USD,191.78,197.35,179.4,180.8,44.18775907,7989.14684
1.57067E+12,10/10/2019 0:00,ETH/USD,192.97,194.54,187.5,191.78,229.7842588,44068.02515
1.57058E+12,10/9/2019 0:00,ETH/USD,180.56,195.69,179.05,192.97,2701.718341,521350.5882
1.57049E+12,10/8/2019 0:00,ETH/USD,180.2,185.13,177.24,180.56,305.3148139,55127.6428
1.57041E+12,10/7/2019 0:00,ETH/USD,170.1,182.39,168.64,180.12,957.5773149,172478.826
1.57032E+12,10/6/2019 0:00,ETH/USD,176.65,177.1,167.93,170.07,5.462566767,929.01873
1.57023E+12,10/5/2019 0:00,ETH/USD,175.97,177.09,172.36,176.65,6.430993264,1136.03496
1.57015E+12,10/4/2019 0:00,ETH/USD,175.16,179.55,171.23,175.97,23.28429806,4097.33793
1.57006E+12,10/3/2019 0:00,ETH/USD,180.85,181.25,145,175.16,150.032609,26279.7118
1.56997E+12,10/2/2019 0:00,ETH/USD,176.25,181.62,174.27,180.85,178.9658001,32365.96495
1.56989E+12,10/1/2019 0:00,ETH/USD,181.14,185.7,173.81,176.25,560.0049643,98700.87495
1.5698E+12,9/30/2019 0:00,ETH/USD,169.39,181.58,165.35,181.14,379.3543564,68716.24812
1.56972E+12,9/29/2019 0:00,ETH/USD,173.86,174.81,164.54,169.39,341.8543052,57906.70075
1.56963E+12,9/28/2019 0:00,ETH/USD,174.25,175.91,168.47,173.86,576.0051392,100144.2535
1.56954E+12,9/27/2019 0:00,ETH/USD,165.98,177.28,161.32,174.25,993.5721801,173129.9524
1.56946E+12,9/26/2019 0:00,ETH/USD,169.82,170.79,152.21,165.96,511.1650369,84832.94953
1.56937E+12,9/25/2019 0:00,ETH/USD,166.26,174.97,162.37,169.82,230.9034045,39212.01615
1.56928E+12,9/24/2019 0:00,ETH/USD,201.02,202.59,154.49,166.28,21154.87271,3517632.234
1.5692E+12,9/23/2019 0:00,ETH/USD,211.13,211.56,198.37,201.1,140.0517303,28164.40297
1.56911E+12,9/22/2019 0:00,ETH/USD,214.7,215.25,206.1,210.98,210.6608068,44445.21701
1.56902E+12,9/21/2019 0:00,ETH/USD,217.88,221.21,213.2,214.7,175.2361057,37623.19189
1.56894E+12,9/20/2019 0:00,ETH/USD,220.83,221.97,212.36,217.88,6378.361196,1389717.337
1.56885E+12,9/19/2019 0:00,ETH/USD,210.19,224.26,202.05,220.81,292.8049876,64654.26931
1.56876E+12,9/18/2019 0:00,ETH/USD,207.83,217.12,207.76,210.11,777.9274052,163450.3271
1.56868E+12,9/17/2019 0:00,ETH/USD,197.71,215.06,196.2,207.93,654.0244126,135991.2961
1.56859E+12,9/16/2019 0:00,ETH/USD,189.26,199.39,188.37,197.7,248.4388995,49116.37044
1.56851E+12,9/15/2019 0:00,ETH/USD,188.76,190.86,186.21,189.26,0,0
1.56842E+12,9/14/2019 0:00,ETH/USD,181.565,189.19,180.39,188.76,45.99561983,8682.1332
